face_name_align,race,race4,gender,age,race_scores_fair,race_scores_fair_4,gender_scores_fair,age_scores_fair
Test1/Accountant/detected_faces/6653.png,White,White,Male,20-29,"[0.94041955 0.00232473 0.01083318 0.00101628 0.00149605 0.00174397
 0.0421663 ]",[9.8976278e-01 1.4545947e-03 7.7935914e-03 9.8900637e-04],[9.995217e-01 4.784112e-04],"[1.6215103e-04 1.1056579e-03 1.9522967e-02 5.1441038e-01 3.7117940e-01
 8.1565872e-02 1.0915867e-02 1.0039125e-03 1.3380243e-04]"
Test1/Accountant/detected_faces/6653_face1.png,White,White,Male,20-29,"[9.9524510e-01 9.2427845e-06 1.3587999e-03 2.3755174e-05 1.4873332e-05
 3.4574754e-05 3.3135423e-03]",[9.9934369e-01 2.5264968e-05 1.6471610e-04 4.6629386e-04],[0.9880171  0.01198291],"[2.9825025e-05 2.3610657e-04 2.8335769e-02 6.0592622e-01 2.7150759e-01
 8.1833549e-02 1.1208556e-02 8.3033059e-04 9.1996604e-05]"
Test1/Accountant/detected_faces/6653_face2.png,White,White,Male,20-29,"[9.9688375e-01 1.7851820e-05 9.5939374e-04 2.7891662e-04 1.0043554e-04
 8.1652230e-05 1.6779093e-03]",[9.9810338e-01 4.5863347e-04 5.0695246e-05 1.3872887e-03],[0.8841312  0.11586881],"[7.5812498e-04 1.4272440e-02 1.3972044e-01 5.5306220e-01 2.5914171e-01
 3.1282946e-02 1.6659364e-03 8.5032414e-05 1.1120404e-05]"
Test1/Accountant/detected_faces/6653_face3.png,White,White,Male,30-39,"[8.4040105e-01 5.0720572e-04 1.6128486e-02 2.9161570e-03 3.6964579e-03
 1.7393888e-03 1.3461126e-01]",[0.98482686 0.00182844 0.00198893 0.01135579],[0.9930267  0.00697331],"[2.1447497e-04 4.4726158e-04 6.8813632e-03 1.4229225e-01 4.0652254e-01
 3.7221369e-01 6.5797620e-02 5.2930340e-03 3.3784911e-04]"
Test1/Accountant/detected_faces/6653_face4.png,White,White,Male,30-39,"[9.6929699e-01 4.3429500e-05 4.8739179e-03 5.3132833e-05 5.0210565e-05
 1.9038106e-04 2.5491897e-02]",[9.9622053e-01 2.1742687e-03 7.2920971e-05 1.5323287e-03],[0.7373839  0.26261607],"[3.7742768e-05 1.5410049e-03 3.8511846e-02 3.6490732e-01 4.4954672e-01
 1.3532424e-01 9.6041746e-03 4.6628551e-04 6.0626917e-05]"
Test1/Accountant/detected_faces/6653_face5.png,White,White,Male,20-29,"[0.93019795 0.04075517 0.01400042 0.00109903 0.00208428 0.00389201
 0.00797115]",[9.9402326e-01 2.3508188e-03 6.1129528e-04 3.0146968e-03],[9.9997705e-01 2.2917930e-05],"[2.44759052e-04 1.19146134e-03 2.65463330e-02 4.16883320e-01
 4.15479153e-01 1.08728856e-01 2.83598639e-02 2.38117436e-03
 1.85001278e-04]"
Test1/Accountant/detected_faces/6653_face6.png,White,White,Male,50-59,"[9.3543506e-01 5.9658865e-04 7.5841141e-03 2.7831953e-02 1.6583720e-02
 1.5981763e-03 1.0370223e-02]",[0.94623923 0.00156964 0.04548921 0.00670194],[0.9943492  0.00565084],"[9.1208021e-05 3.2280126e-04 5.7520564e-03 8.3894163e-02 1.5216281e-01
 3.1619254e-01 3.2313168e-01 1.0493138e-01 1.3521439e-02]"
Test1/Accountant/detected_faces/6653_face7.png,White,White,Male,30-39,"[0.91051966 0.01304444 0.02079441 0.00094935 0.00146998 0.00278038
 0.05044166]",[0.9608704  0.01234279 0.01115879 0.01562806],[0.5536922  0.44630778],"[1.1911789e-04 4.6056212e-04 1.0685757e-02 3.9207795e-01 5.0642806e-01
 7.6517418e-02 1.1410480e-02 1.8956993e-03 4.0492820e-04]"
Test1/Accountant/detected_faces/6653_face8.png,White,White,Male,60-69,"[0.8012021  0.00475006 0.05560739 0.04488201 0.01539349 0.0027224
 0.07544259]",[0.79733855 0.05637559 0.05963697 0.0866489 ],[0.59970915 0.40029082],"[1.1103709e-04 2.8749034e-04 1.3184639e-03 2.6300974e-02 3.6384016e-02
 5.7683006e-02 1.5222010e-01 3.7303349e-01 3.5266143e-01]"
Test1/Accountant/detected_faces/6653_face9.png,Middle Eastern,Indian,Male,40-49,"[0.13950932 0.00658916 0.12806334 0.00735715 0.00648039 0.01942425
 0.69257647]",[0.3488169  0.01883012 0.02185402 0.61049896],[0.9912415  0.00875846],"[0.00077999 0.00150988 0.00430857 0.0830914  0.33961838 0.40289542
 0.13225546 0.03095121 0.00458973]"
Test1/Accountant/detected_faces/6653_face10.png,White,White,Male,3-9,"[6.7300516e-01 4.4587534e-03 4.4501223e-02 1.9045185e-01 2.8533958e-02
 4.3565751e-04 5.8613449e-02]",[0.61737317 0.0962458  0.27968565 0.00669537],[0.5868374  0.41316256],"[1.7781374e-01 4.7884917e-01 5.6073550e-02 1.9569476e-01 7.1156457e-02
 1.7646188e-02 2.1058482e-03 4.9328269e-04 1.6693784e-04]"
Test1/Accountant/detected_faces/6653_face11.png,White,Asian,Female,20-29,"[8.1890267e-01 4.8333063e-04 4.8556612e-03 1.3988259e-01 2.9224198e-02
 1.4775922e-03 5.1738992e-03]",[0.11735281 0.00186593 0.8760286  0.00475273],[0.05309312 0.94690686],"[0.04027085 0.11304608 0.03920227 0.5866294  0.1759508  0.03431826
 0.00662515 0.00243816 0.00151907]"
Test1/Accountant/detected_faces/6653_face12.png,White,White,Male,30-39,"[0.83281857 0.00116179 0.03062054 0.03774222 0.01158812 0.00096037
 0.08510835]",[0.8388724  0.01470721 0.05209405 0.09432639],[0.9722435  0.02775652],"[3.3635155e-05 1.4285163e-04 5.1318556e-03 3.6292782e-01 4.6028212e-01
 1.5465814e-01 1.4641064e-02 1.9009741e-03 2.8159565e-04]"
Test1/Accountant/detected_faces/6653_face13.png,White,White,Male,20-29,"[9.84665275e-01 3.14983772e-05 3.60955577e-03 3.62650026e-04
 2.20989168e-04 1.02797654e-04 1.10071935e-02]",[9.9887663e-01 1.4276728e-04 1.4437293e-04 8.3618937e-04],[0.7419394  0.25806057],"[5.8482889e-05 6.0119200e-04 1.5734805e-02 6.5796971e-01 2.8664625e-01
 3.7018519e-02 1.8021958e-03 1.4549776e-04 2.3248114e-05]"
Test1/Accountant/detected_faces/6655.png,White,White,Male,50-59,"[8.7402606e-01 7.1063178e-04 1.1479068e-02 1.5325940e-03 1.6845899e-03
 3.3050813e-03 1.0726190e-01]",[9.8952377e-01 3.2292758e-03 9.1036805e-04 6.3366028e-03],[9.9989140e-01 1.0856891e-04],"[1.4955453e-05 2.2288068e-05 6.7036779e-04 6.6082049e-03 5.3720269e-02
 3.4628412e-01 4.7447971e-01 1.0877833e-01 9.4216699e-03]"
Test1/Accountant/detected_faces/6656.png,White,White,Male,60-69,"[0.8276498  0.00299496 0.10884774 0.01595581 0.02224922 0.01055736
 0.01174513]",[9.7914016e-01 6.4027647e-04 1.4681541e-02 5.5380608e-03],[0.97407013 0.02592987],"[5.1424700e-05 1.1474990e-04 7.3694275e-04 3.1689832e-03 1.4492374e-02
 7.9198346e-02 3.1747380e-01 4.5336425e-01 1.3139921e-01]"
Test1/Accountant/detected_faces/6657.png,East Asian,Asian,Male,40-49,"[5.68517251e-03 4.43042627e-05 6.64879428e-03 8.82110000e-01
 1.04456656e-01 4.00178396e-04 6.54920761e-04]",[1.5467325e-03 7.3777301e-05 9.9505043e-01 3.3290847e-03],[9.999925e-01 7.523023e-06],"[2.5080369e-06 5.5917349e-06 8.5868454e-04 1.9358281e-02 1.7703384e-01
 4.6767989e-01 3.0499396e-01 2.9924052e-02 1.4313585e-04]"
Test1/Accountant/detected_faces/6658.png,Middle Eastern,White,Male,40-49,"[3.0456239e-01 6.2799291e-03 3.1496029e-02 8.0949767e-06 2.4856317e-05
 1.5129244e-02 6.4249945e-01]",[0.914585   0.02233693 0.00147773 0.06160038],[9.997877e-01 2.122745e-04],"[5.7332204e-06 6.5966942e-06 1.3052329e-04 6.5940744e-03 2.3075014e-01
 5.8833790e-01 1.6740750e-01 6.6502471e-03 1.1720821e-04]"
Test1/Accountant/detected_faces/6659.png,Indian,Asian,Male,60-69,"[0.13964565 0.07227741 0.17103022 0.02891937 0.10193232 0.47785613
 0.00833897]",[0.02477616 0.27998737 0.40403652 0.29119995],[0.986576   0.01342392],"[1.4021622e-04 1.5080975e-03 8.5409889e-03 1.9076608e-02 2.7772415e-02
 9.7389124e-02 1.9862010e-01 3.5434574e-01 2.9260668e-01]"
Test1/Accountant/detected_faces/6660.png,White,White,Male,50-59,"[9.9209630e-01 6.8325513e-05 4.2107850e-03 5.5857807e-05 4.3309723e-05
 6.9621898e-04 2.8291869e-03]",[0.9750021  0.00208345 0.00230822 0.02060631],[0.9930584  0.00694167],"[1.0440958e-05 1.7643557e-05 7.8661379e-04 6.3929479e-03 3.5479885e-02
 2.2505358e-01 6.1267608e-01 1.1401186e-01 5.5709444e-03]"
Test1/Accountant/detected_faces/6661.png,White,White,Male,40-49,"[9.7065014e-01 8.1999855e-07 2.7778458e-03 2.8477871e-04 1.2998766e-04
 4.5126653e-04 2.5705228e-02]",[9.9978340e-01 1.0424487e-06 8.3692532e-05 1.3179684e-04],[9.9999934e-01 6.5542719e-07],"[1.0271743e-05 4.8395876e-05 1.0078254e-03 1.1608814e-02 2.7351516e-01
 6.5218657e-01 6.0909711e-02 7.0739398e-04 5.9299987e-06]"
Test1/Accountant/detected_faces/6662.png,White,White,Male,50-59,"[7.9762262e-01 5.0758652e-05 5.2580410e-03 4.6073194e-04 2.9435358e-04
 1.3201331e-03 1.9499339e-01]",[9.9808413e-01 1.2286466e-05 1.6582132e-03 2.4541147e-04],[9.9999613e-01 3.9200518e-06],"[1.7677126e-05 7.6423175e-06 4.9345621e-05 7.4128635e-05 1.9350289e-03
 4.4814080e-02 6.0069942e-01 3.4102547e-01 1.1377161e-02]"
Test1/Accountant/detected_faces/6663.png,White,White,Male,10-19,"[9.8017162e-01 1.8552129e-05 1.0955501e-03 9.1367355e-03 1.6584661e-03
 1.7888684e-04 7.7401577e-03]",[9.8691142e-01 2.8742645e-06 1.3032857e-02 5.2897456e-05],[0.9947905  0.00520951],"[2.32681250e-05 1.18969260e-02 4.64717627e-01 4.41798419e-01
 7.70250782e-02 4.34032315e-03 1.83298922e-04 1.27101275e-05
 2.32816114e-06]"
Test1/Accountant/detected_faces/6664.png,White,White,Male,20-29,"[9.9905318e-01 7.7398579e-07 1.5797802e-04 3.9401992e-05 3.8485297e-05
 6.8554327e-06 7.0332288e-04]",[9.9948514e-01 1.1449227e-05 3.1716589e-04 1.8625235e-04],[0.92281204 0.07718798],"[7.8109957e-07 4.1299678e-05 2.1020105e-02 5.0881165e-01 3.6964679e-01
 8.9450598e-02 1.0673878e-02 3.3457208e-04 2.0356369e-05]"
Test1/Accountant/detected_faces/6665.png,East Asian,Asian,Female,60-69,"[6.0765617e-02 5.0058338e-04 9.9244621e-03 8.1725550e-01 1.0972650e-01
 5.5470207e-04 1.2725963e-03]",[0.01555645 0.00519908 0.9767341  0.00251034],[0.4126864 0.5873136],"[1.5588115e-04 2.6660095e-04 2.5538952e-04 3.6118925e-04 1.8509411e-03
 1.2797925e-02 1.9378000e-01 6.0089719e-01 1.8963487e-01]"
Test1/Accountant/detected_faces/6666.png,Indian,Indian,Male,60-69,"[2.5096802e-02 3.4759689e-02 1.6974442e-02 1.9069902e-04 2.2374829e-03
 8.7009239e-01 5.0648417e-02]",[0.45825565 0.01297625 0.0036414  0.5251267 ],[9.9996585e-01 3.4138800e-05],"[5.9736985e-06 9.3006283e-06 3.3739689e-05 7.4770614e-05 2.1005144e-04
 2.6191855e-03 4.8212152e-02 5.3892177e-01 4.0991306e-01]"
Test1/Accountant/detected_faces/6667.png,Latino_Hispanic,White,Male,20-29,"[0.21302976 0.01150047 0.5383922  0.05095788 0.02844813 0.05178446
 0.10588709]",[9.1367072e-01 7.5627468e-04 6.4307287e-02 2.1265743e-02],[9.990194e-01 9.806150e-04],"[3.2510899e-05 5.4988422e-04 2.0222101e-02 5.3803343e-01 4.1115114e-01
 2.8798275e-02 1.1287142e-03 7.8632263e-05 5.3399917e-06]"
Test1/Accountant/detected_faces/6668.png,White,White,Male,50-59,"[0.7276878  0.00194721 0.20071964 0.00096848 0.00417507 0.01528922
 0.04921267]",[9.9920708e-01 3.0987954e-05 6.5169483e-04 1.1027269e-04],[0.9896783  0.01032166],"[4.9762893e-05 6.4664906e-05 1.1370762e-03 2.3065961e-03 2.0405965e-02
 2.0935746e-01 6.1273926e-01 1.5049131e-01 3.4478800e-03]"
Test1/Accountant/detected_faces/6668_face1.png,White,White,Female,30-39,"[9.5606935e-01 2.9395031e-05 9.7468676e-04 2.0179068e-04 1.0523681e-04
 1.8972205e-04 4.2429790e-02]",[9.9872208e-01 7.8337231e-05 1.6313247e-04 1.0364739e-03],[0.321567   0.67843294],"[4.2108656e-04 1.3769657e-03 6.0726167e-03 2.1907052e-01 5.2363431e-01
 2.0344353e-01 4.0862527e-02 4.1083694e-03 1.0101736e-03]"
Test1/Accountant/detected_faces/6668_face2.png,White,White,Female,20-29,"[0.93084633 0.00223983 0.02726102 0.00385256 0.0017074  0.0012019
 0.03289092]",[9.81926322e-01 4.27587610e-03 1.32503295e-02 5.47476404e-04],[0.2941157  0.70588434],"[5.1073520e-04 3.7862402e-03 2.9440545e-02 5.1121110e-01 3.5940829e-01
 7.9603545e-02 1.3187197e-02 2.3942431e-03 4.5815614e-04]"
Test1/Accountant/detected_faces/6669.png,White,White,Male,40-49,"[8.9892864e-01 1.0426814e-04 4.4456095e-02 1.8322543e-03 8.3385746e-04
 3.6943718e-03 5.0150458e-02]",[0.97433674 0.00215783 0.01532462 0.0081808 ],[0.99898934 0.00101067],"[1.19579796e-04 1.45301237e-04 1.51080673e-03 1.76628977e-02
 2.87782192e-01 5.45958281e-01 1.41641155e-01 5.07042138e-03
 1.09434965e-04]"
Test1/Accountant/detected_faces/6670.png,White,White,Male,30-39,"[0.89906967 0.00099422 0.07247968 0.00122842 0.00102644 0.00395215
 0.02124935]",[0.7398649  0.02853688 0.01083084 0.22076738],[9.9934345e-01 6.5653131e-04],"[9.2128630e-06 6.5200140e-05 3.1397119e-03 2.1120220e-01 5.6297177e-01
 2.0719285e-01 1.4892268e-02 5.0295121e-04 2.3839009e-05]"
Test1/Accountant/detected_faces/6671.png,East Asian,Asian,Male,20-29,"[1.1676043e-01 8.2616853e-06 2.3140779e-04 8.6995190e-01 1.2630694e-02
 1.2728549e-05 4.0455553e-04]",[2.4197598e-01 4.1248029e-05 7.5797027e-01 1.2429913e-05],[0.9801006  0.01989939],"[7.3386473e-06 5.1683723e-04 1.6898188e-01 6.2153828e-01 1.7642483e-01
 2.8098898e-02 3.7404376e-03 6.3549937e-04 5.6042605e-05]"
Test1/Accountant/detected_faces/6672.png,White,Asian,Male,30-39,"[0.41616574 0.11267161 0.18487594 0.0021029  0.00548818 0.0533113
 0.22538428]",[0.1457036  0.29418424 0.36953577 0.1905764 ],[0.9931966  0.00680338],"[1.1887485e-04 2.9789680e-04 5.8341264e-03 1.6740717e-01 3.4572107e-01
 2.7424818e-01 1.2344186e-01 6.4849786e-02 1.8080933e-02]"
Test1/Accountant/detected_faces/6673.png,White,White,Male,20-29,"[9.5954484e-01 1.0035407e-05 7.7490653e-03 1.9825504e-03 1.5678966e-03
 5.0344225e-04 2.8642280e-02]",[9.9587715e-01 4.9264404e-06 2.6633826e-03 1.4545753e-03],[0.8589069  0.14109308],"[8.2269680e-06 4.9156824e-04 9.4754867e-02 6.7766005e-01 2.0655312e-01
 1.9992391e-02 5.2003469e-04 1.8656270e-05 1.0132187e-06]"
Test1/Accountant/detected_faces/6674.png,White,White,Male,40-49,"[9.7771853e-01 1.2869245e-05 4.2490014e-03 4.2638676e-05 3.7557063e-05
 4.8354897e-04 1.7455835e-02]",[9.9858427e-01 5.7241094e-05 2.0208683e-04 1.1563231e-03],[0.9123063  0.08769366],"[1.7032939e-06 7.2963076e-06 6.1906554e-04 4.4320978e-02 4.2582163e-01
 4.6976352e-01 5.8333855e-02 1.1063117e-03 2.5634259e-05]"
Test1/Accountant/detected_faces/6675.png,White,White,Male,40-49,"[7.9380858e-01 1.2145137e-05 1.5759654e-02 2.7342423e-04 3.3570579e-04
 6.9781032e-04 1.8911266e-01]",[9.9654913e-01 3.1512627e-05 1.5289091e-03 1.8904450e-03],[0.99849325 0.00150671],"[2.4389681e-05 3.4929624e-05 8.4253273e-04 9.1283247e-03 1.6016909e-01
 6.5171599e-01 1.6910689e-01 8.6373379e-03 3.4048324e-04]"
Test1/Accountant/detected_faces/6676.png,White,White,Male,40-49,"[7.5590926e-01 7.8114521e-05 6.6669141e-03 8.2570850e-06 2.1140759e-05
 3.0842153e-04 2.3700795e-01]",[9.9908161e-01 2.0927128e-04 2.2568608e-04 4.8348372e-04],[9.9994379e-01 5.6221706e-05],"[2.2614641e-07 3.1555845e-07 4.5354962e-05 3.3575075e-03 1.2629290e-01
 6.5052289e-01 2.1060222e-01 8.8802641e-03 2.9830734e-04]"
Test1/Accountant/detected_faces/6677.png,White,White,Male,30-39,"[9.3553001e-01 3.0830692e-04 3.6621951e-02 3.0733063e-04 5.1048020e-04
 1.0976456e-03 2.5624253e-02]",[9.9780190e-01 5.9545529e-04 3.9923128e-05 1.5628266e-03],[9.9999982e-01 1.3990977e-07],"[3.2257695e-08 3.9709494e-07 1.0195966e-03 4.6156132e-01 5.1047152e-01
 2.6528170e-02 4.1501518e-04 3.8371827e-06 4.0403339e-08]"
Test1/Accountant/detected_faces/6679.png,Latino_Hispanic,Indian,Male,20-29,"[0.11349488 0.00098065 0.47796807 0.00184468 0.00347905 0.14471301
 0.25751975]",[0.08099683 0.00335106 0.00296086 0.9126913 ],[1.0000000e+00 1.3823667e-08],"[1.8368237e-06 4.4373395e-05 8.1154360e-03 5.5208135e-01 4.1544768e-01
 2.4040528e-02 2.6383527e-04 4.9246983e-06 3.2330117e-08]"
Test1/Accountant/detected_faces/6680.png,White,White,Male,20-29,"[9.8194444e-01 8.5291569e-05 3.2276402e-03 3.0023735e-05 5.2326854e-05
 9.6754127e-05 1.4563645e-02]",[9.9054587e-01 3.2004812e-03 6.4573687e-04 5.6079417e-03],[9.9998987e-01 1.0120647e-05],"[1.1295309e-07 1.3019762e-05 8.4472997e-03 7.5859398e-01 2.2865503e-01
 4.2644576e-03 2.5801830e-05 3.5689325e-07 1.0450135e-08]"
Test1/Accountant/detected_faces/6682.png,White,White,Male,20-29,"[0.5501482  0.05942461 0.23982932 0.04620717 0.03060418 0.02687754
 0.04690902]",[0.743025   0.0979505  0.10209124 0.05693337],[0.9551531  0.04484687],"[4.9194464e-06 3.7036458e-04 5.3828977e-02 7.4649835e-01 1.9118740e-01
 7.8055877e-03 2.8150706e-04 2.1541720e-05 1.4240348e-06]"
Test1/Accountant/detected_faces/6683.png,White,White,Male,30-39,"[0.46941498 0.19422573 0.16927028 0.01859441 0.01030196 0.034279
 0.10391367]",[0.589843   0.22875683 0.16601168 0.01538863],[0.9042778 0.0957222],"[0.000723   0.00188111 0.01426474 0.14930949 0.32474884 0.298595
 0.1336918  0.06468944 0.01209664]"
Test1/Accountant/detected_faces/6684.png,Black,Black,Male,20-29,"[0.30436295 0.4086531  0.16243362 0.00235175 0.00680179 0.08823057
 0.02716617]",[0.01072126 0.80132216 0.10501315 0.08294342],[0.8421141  0.15788594],"[4.1531971e-06 1.4882635e-03 1.3170041e-01 8.0115432e-01 6.3742414e-02
 1.8381280e-03 6.5997250e-05 5.6175149e-06 7.7046724e-07]"
Test1/Accountant/detected_faces/6685.png,East Asian,Asian,Male,20-29,"[0.19609037 0.00832785 0.13997135 0.43169513 0.19606365 0.01161035
 0.01624127]",[0.00231455 0.00140581 0.99475217 0.00152746],[0.9431435  0.05685651],"[2.6272394e-06 3.1298815e-04 6.8418950e-02 8.6585176e-01 6.4279541e-02
 1.1115702e-03 1.9821895e-05 2.4152857e-06 2.4041685e-07]"
Test1/Accountant/detected_faces/6686.png,White,White,Male,40-49,"[9.4139296e-01 8.6783461e-05 1.0776598e-02 4.8246191e-05 9.6621516e-05
 7.7460025e-04 4.6824101e-02]",[9.9927348e-01 4.0244220e-05 2.0392823e-04 4.8243487e-04],[0.933816   0.06618401],"[1.6201482e-05 7.8988043e-05 6.0838656e-03 6.8846114e-02 2.0362134e-01
 4.0921569e-01 2.8679898e-01 2.4201132e-02 1.1377104e-03]"
Test1/Accountant/detected_faces/6687.png,White,White,Male,30-39,"[8.2267505e-01 7.4820877e-05 2.4101343e-02 1.9017776e-04 3.0522351e-04
 1.0023682e-03 1.5165102e-01]",[9.7056895e-01 3.6353906e-04 5.1477650e-04 2.8552666e-02],[9.9999899e-01 1.0061522e-06],"[1.1119959e-06 5.1151901e-06 7.5452076e-04 9.2195608e-02 5.4289681e-01
 3.3853498e-01 2.4725864e-02 8.7375141e-04 1.2213876e-05]"
Test1/Accountant/detected_faces/6688.png,White,White,Male,20-29,"[9.7196597e-01 3.6226411e-05 2.0095011e-02 1.5699246e-03 7.8550965e-04
 6.3502649e-04 4.9124355e-03]",[9.9718291e-01 4.0242019e-05 2.0631810e-04 2.5705472e-03],[0.99875295 0.00124702],"[2.1952668e-05 1.8248314e-03 1.7113239e-01 6.6621977e-01 1.3471399e-01
 2.5189500e-02 8.6620892e-04 2.9621380e-05 1.7267464e-06]"
Test1/Accountant/detected_faces/6689.png,Latino_Hispanic,White,Male,50-59,"[0.3740149  0.00215424 0.5124693  0.01894737 0.01120704 0.06353407
 0.01767312]",[9.6251893e-01 2.2415827e-04 3.2613207e-02 4.6437052e-03],[0.97792417 0.02207588],"[0.00054962 0.00096825 0.00577233 0.00177109 0.0189506  0.20779113
 0.5477505  0.21030837 0.00613811]"
Test1/Accountant/detected_faces/6690.png,Indian,Indian,Male,30-39,"[0.14284918 0.08177516 0.25746512 0.00059093 0.00150685 0.45836893
 0.05744379]",[3.6514533e-01 6.0389079e-02 5.0171593e-04 5.7396388e-01],[9.9993229e-01 6.7706016e-05],"[2.5420194e-04 2.1092161e-03 3.0380566e-02 1.5665404e-01 5.3311867e-01
 2.4010916e-01 3.4509942e-02 2.8076158e-03 5.6557292e-05]"
Test1/Accountant/detected_faces/6691.png,Middle Eastern,Indian,Male,30-39,"[0.25392735 0.00242915 0.08207148 0.00227353 0.00365227 0.12581474
 0.52983147]",[1.5865025e-01 7.7337777e-04 1.1674935e-02 8.2890141e-01],[9.998216e-01 1.783625e-04],"[2.9188381e-05 2.4226985e-04 5.3978572e-03 1.1745141e-01 4.8323599e-01
 3.5755694e-01 3.4756258e-02 1.2912514e-03 3.8832422e-05]"
Test1/Accountant/detected_faces/6693.png,White,White,Male,30-39,"[9.7475374e-01 4.0571211e-04 1.2497155e-02 2.4589186e-04 2.8405103e-04
 2.3948804e-03 9.4186133e-03]",[9.8727512e-01 2.4638772e-03 9.8642532e-04 9.2746178e-03],[0.8845879  0.11541208],"[3.1390396e-06 2.6104881e-05 4.3853614e-03 3.1844884e-01 5.1976734e-01
 1.4286342e-01 1.3696672e-02 7.4018654e-04 6.8928523e-05]"
Test1/Accountant/detected_faces/6694.png,White,Indian,Male,30-39,"[4.6422637e-01 1.4133459e-03 4.5972705e-01 2.1270615e-05 1.4554725e-04
 1.8627170e-02 5.5839233e-02]",[4.9193045e-01 9.2468662e-03 4.2242196e-04 4.9840030e-01],[9.9998611e-01 1.3867716e-05],"[1.5927102e-06 5.5568365e-05 1.6709372e-02 3.1344661e-01 5.5292636e-01
 1.1466073e-01 2.1840322e-03 1.5563770e-05 1.8317749e-07]"
Test1/Accountant/detected_faces/6695.png,White,White,Male,20-29,"[8.4389645e-01 1.4433126e-04 3.1203168e-02 8.5736986e-04 1.1962035e-03
 1.1526386e-03 1.2154993e-01]",[9.91919398e-01 1.15460076e-04 5.84036054e-04 7.38109834e-03],[9.9950904e-01 4.9097673e-04],"[1.2387952e-06 5.4356198e-05 2.1455606e-02 6.7651063e-01 2.8829154e-01
 1.3564909e-02 1.1914607e-04 2.3914959e-06 6.3255271e-08]"
Test1/Accountant/detected_faces/6696.png,White,White,Male,50-59,"[9.7603232e-01 1.1716152e-06 5.8695854e-04 2.1678285e-05 2.1157404e-05
 1.4374041e-04 2.3192896e-02]",[9.9793971e-01 2.3464800e-06 1.3919207e-04 1.9188081e-03],[9.9921912e-01 7.8092766e-04],"[4.9545838e-06 5.6907120e-06 1.2841584e-04 1.3174887e-03 2.2550888e-02
 3.2318124e-01 5.9027231e-01 5.9269309e-02 3.2697774e-03]"
Test1/Accountant/detected_faces/6697.png,White,White,Male,60-69,"[0.70481807 0.00322067 0.10204549 0.07983147 0.08370801 0.01048316
 0.01589309]",[0.90416944 0.0017468  0.08452703 0.00955672],[0.69826597 0.30173406],"[9.1191847e-05 2.1337110e-03 1.2341068e-02 7.5645423e-03 1.3147152e-02
 5.4188468e-02 2.2532411e-01 4.3792221e-01 2.4728751e-01]"
Test1/Accountant/detected_faces/6698.png,White,White,Male,20-29,"[8.5621607e-01 5.6904555e-05 5.0702758e-02 3.0632385e-05 6.6356508e-05
 8.2476474e-03 8.4679700e-02]",[8.6459684e-01 2.4453877e-04 1.7825516e-03 1.3337611e-01],[9.9977553e-01 2.2451431e-04],"[3.45089757e-06 1.21300385e-04 2.38240995e-02 5.41500688e-01
 3.75089109e-01 5.77409081e-02 1.67131494e-03 4.77258181e-05
 1.52980260e-06]"
Test1/Accountant/detected_faces/6698_face1.png,White,White,Male,20-29,"[0.7313455  0.00081253 0.07799329 0.00184398 0.00172991 0.00177705
 0.18449773]",[8.5187173e-01 2.6048481e-04 1.4406921e-01 3.7985926e-03],[0.7357318  0.26426816],"[1.4071056e-04 5.8129961e-03 6.9527686e-02 6.8752289e-01 2.1592326e-01
 1.9099841e-02 1.5083075e-03 3.4454273e-04 1.1972774e-04]"
Test1/Accountant/detected_faces/6700.png,White,White,Male,50-59,"[9.79447126e-01 2.33844867e-06 4.58924705e-03 1.07199376e-04
 4.34805042e-05 1.36686533e-04 1.56739559e-02]",[9.9939263e-01 5.4087518e-06 2.8484978e-05 5.7351816e-04],[0.9399205  0.06007952],"[1.0731962e-05 4.1078089e-05 1.5775271e-03 3.0250705e-03 3.3424642e-02
 2.9967734e-01 5.5226988e-01 1.0152542e-01 8.4483232e-03]"
Test1/Accountant/detected_faces/6701.png,White,White,Female,30-39,"[9.5006722e-01 1.3512220e-04 2.2422699e-02 2.7150316e-03 1.3542352e-03
 3.9107748e-04 2.2914534e-02]",[9.5560396e-01 4.6186961e-04 4.2460416e-02 1.4737477e-03],[0.35206822 0.64793175],"[2.9664426e-04 3.8022241e-03 2.7770730e-02 2.6830909e-01 3.0867812e-01
 2.0084405e-01 9.2835322e-02 5.3809028e-02 4.3654881e-02]"
Test1/Accountant/detected_faces/6702.png,Latino_Hispanic,White,Male,30-39,"[0.27391887 0.00115873 0.45472497 0.00093685 0.00196621 0.06330884
 0.20398566]",[9.6115023e-01 6.8417605e-04 4.9435250e-03 3.3222102e-02],[9.9989474e-01 1.0524108e-04],"[1.3188926e-05 6.2640727e-05 4.6903901e-03 1.3853940e-01 6.5121418e-01
 1.9730516e-01 8.0234958e-03 1.4980920e-04 1.6852981e-06]"
Test1/Accountant/detected_faces/6703.png,White,White,Male,20-29,"[9.9872351e-01 2.6121575e-06 4.0614943e-04 7.7826999e-06 6.4814440e-06
 3.4730663e-05 8.1867544e-04]",[9.9955410e-01 6.4895316e-06 4.5451823e-05 3.9393376e-04],[0.5053754 0.4946246],"[1.3834884e-07 7.1425334e-06 3.8953398e-03 5.2995700e-01 3.9992765e-01
 6.3513011e-02 2.6106485e-03 7.7945508e-05 1.1179827e-05]"
Test1/Accountant/detected_faces/6704.png,White,Asian,Female,20-29,"[0.6721066  0.01107339 0.0577648  0.17048912 0.0282793  0.0072834
 0.05300336]",[0.18206191 0.02674915 0.78439325 0.00679571],[0.36040893 0.63959104],"[2.5320408e-04 1.2132327e-02 1.2732276e-01 6.4054394e-01 1.8198080e-01
 3.3137135e-02 3.0462621e-03 9.8953245e-04 5.9407286e-04]"
Test1/Accountant/detected_faces/6705.png,East Asian,Asian,Male,30-39,"[0.18095554 0.00072713 0.03533866 0.5380648  0.20286873 0.02956636
 0.01247877]",[0.09237126 0.06033396 0.6619277  0.1853671 ],[9.9993706e-01 6.3008301e-05],"[2.2455297e-05 9.3097617e-05 7.4941446e-03 3.1054175e-01 3.1479511e-01
 2.2461167e-01 1.0925393e-01 3.1420633e-02 1.7672078e-03]"
Test1/Accountant/detected_faces/6706.png,East Asian,Asian,Male,20-29,"[3.5473425e-02 2.3639584e-05 4.4461745e-03 9.0010583e-01 5.9118159e-02
 5.7498612e-05 7.7523343e-04]",[1.5670936e-01 2.9842401e-04 8.4252864e-01 4.6361325e-04],[9.9974322e-01 2.5678295e-04],"[3.6684577e-07 4.8500344e-05 1.2219552e-01 6.2497967e-01 2.3628920e-01
 1.5851753e-02 6.0957193e-04 2.5044066e-05 2.8539205e-07]"
Test1/Accountant/detected_faces/6707.png,White,Asian,Male,30-39,"[0.75228685 0.0245498  0.07021049 0.01063982 0.00774063 0.01154162
 0.1230308 ]",[0.24534056 0.1880534  0.5414062  0.0251999 ],[0.7374925  0.26250744],"[0.00044658 0.00189313 0.01767134 0.3270532  0.3315282  0.19240682
 0.06188523 0.04287237 0.02424318]"
Test1/Accountant/detected_faces/6708.png,White,White,Female,20-29,"[7.0595270e-01 3.1666708e-04 2.3716399e-01 6.6860714e-03 3.9364067e-03
 1.3745378e-03 4.4569548e-02]",[0.93631375 0.00130884 0.04402576 0.01835168],[0.04987315 0.9501268 ],"[2.1577505e-07 2.0468291e-05 3.0252427e-02 5.3750080e-01 3.9186847e-01
 3.8361117e-02 1.9264069e-03 6.9116693e-05 8.9296503e-07]"
Test1/Accountant/detected_faces/6709.png,White,White,Male,40-49,"[8.8384444e-01 1.7598814e-04 6.2922582e-02 1.3741237e-03 1.1453881e-03
 3.2835128e-03 4.7253933e-02]",[9.8755789e-01 4.0378780e-04 1.5338127e-03 1.0504512e-02],[9.999961e-01 3.900479e-06],"[2.7292984e-04 1.4323733e-03 2.0758873e-02 3.2828584e-02 1.7770122e-01
 4.6724319e-01 2.7677733e-01 2.2687601e-02 2.9788294e-04]"
Test1/Accountant/detected_faces/6710.png,White,White,Male,20-29,"[9.7623086e-01 2.1534480e-04 9.4363578e-03 3.9789587e-04 3.5905465e-04
 1.3869967e-03 1.1973435e-02]",[9.9840099e-01 1.9748633e-04 1.5847175e-04 1.2429880e-03],[9.992444e-01 7.555911e-04],"[3.8684405e-07 2.4436651e-05 6.3152043e-03 6.2029380e-01 3.6238945e-01
 1.0880736e-02 9.4524199e-05 1.3261046e-06 5.8868515e-08]"
Test1/Accountant/detected_faces/6711.png,White,White,Male,70+,"[0.5881822  0.00073168 0.13919342 0.1124764  0.10903842 0.01152959
 0.03884836]",[8.5388684e-01 3.5841929e-04 1.3063739e-01 1.5117373e-02],[0.99198663 0.00801336],"[2.4215121e-06 7.3951828e-06 2.6979387e-05 1.7669214e-05 3.8737297e-05
 3.5735077e-04 1.3306537e-02 2.7955881e-01 7.0668411e-01]"
Test1/Accountant/detected_faces/6712.png,White,White,Female,20-29,"[9.4795179e-01 2.9199845e-03 2.8158423e-02 2.1728333e-03 8.6222799e-04
 5.8906281e-04 1.7345771e-02]",[0.962117   0.03488387 0.00111194 0.00188724],[0.02291595 0.97708404],"[1.6736426e-06 6.9020200e-04 5.7983719e-02 8.3550411e-01 1.0116587e-01
 4.5420500e-03 9.5423646e-05 1.4523736e-05 2.4414860e-06]"
Test1/Accountant/detected_faces/6713.png,White,Asian,Male,20-29,"[8.7767541e-01 1.7082931e-04 1.4968605e-02 5.1499497e-02 3.2252155e-02
 3.7532209e-03 1.9680275e-02]",[0.11333753 0.016895   0.8113571  0.05841033],[0.72342825 0.27657175],"[5.7514490e-06 5.3476790e-05 9.5545277e-03 5.7155043e-01 3.3936501e-01
 7.2525181e-02 6.0210247e-03 7.9367630e-04 1.3098892e-04]"
Test1/Accountant/detected_faces/6714.png,Southeast Asian,Asian,Male,20-29,"[0.00970954 0.00048545 0.1002728  0.41662595 0.46401757 0.00373871
 0.00514997]",[1.4044358e-04 4.3845492e-05 9.9901795e-01 7.9774857e-04],[9.9999952e-01 4.6591808e-07],"[5.6307647e-07 4.8409307e-05 1.2990256e-02 7.1563882e-01 2.5830972e-01
 1.2805181e-02 1.9609381e-04 1.0794986e-05 2.0302926e-07]"
Test1/Accountant/detected_faces/6715.png,White,White,Male,50-59,"[8.9266372e-01 3.8460881e-04 2.9724251e-02 1.9998048e-04 5.2775833e-04
 6.2437900e-03 7.0255965e-02]",[9.9825120e-01 3.4153436e-05 7.4155338e-04 9.7304821e-04],[9.9960613e-01 3.9386202e-04],"[5.4334647e-05 4.2895899e-05 4.8760916e-04 3.9158534e-04 2.9433838e-03
 6.0161356e-02 4.7735581e-01 4.3203583e-01 2.6527153e-02]"
Test1/Accountant/detected_faces/6716.png,East Asian,Asian,Male,40-49,"[2.4734201e-05 5.2487791e-05 6.5069122e-05 9.2501354e-01 7.4819416e-02
 2.1730624e-05 3.0384965e-06]",[8.4621432e-05 4.2451783e-03 9.9532443e-01 3.4578037e-04],[9.9999475e-01 5.2223586e-06],"[3.6895187e-07 1.5853952e-06 1.6390895e-04 1.5562230e-02 2.0082997e-01
 5.4594445e-01 2.1448010e-01 2.2564657e-02 4.5281363e-04]"
Test1/Accountant/detected_faces/6717.png,White,Black,Male,20-29,"[0.79700005 0.06085823 0.05218101 0.04084403 0.0113585  0.0135418
 0.02421639]",[0.33848643 0.49090108 0.11768006 0.05293242],[0.8564848  0.14351521],"[2.2775950e-05 4.6615480e-03 2.2040571e-01 6.9515908e-01 7.5676516e-02
 3.7970534e-03 2.3636781e-04 3.2634529e-05 8.3281848e-06]"
Test1/Accountant/detected_faces/6718.png,Latino_Hispanic,Asian,Male,20-29,"[2.3705135e-01 2.4324945e-04 5.4039818e-01 1.2437803e-01 4.9243905e-02
 2.3903541e-02 2.4781683e-02]",[3.9323139e-01 1.2947584e-04 5.8638066e-01 2.0258522e-02],[9.9999827e-01 1.7592798e-06],"[3.86245404e-07 2.01206149e-05 1.83474161e-02 7.59720027e-01
 2.14507103e-01 7.30263675e-03 1.00132704e-04 2.16389708e-06
 2.45649616e-08]"
Test1/Accountant/detected_faces/6720.png,White,White,Male,50-59,"[9.9580979e-01 7.3770707e-08 5.5220782e-05 1.4975934e-05 8.6031105e-06
 6.3238986e-06 4.1049751e-03]",[9.99830961e-01 8.81831454e-07 1.20315795e-04 4.78559923e-05],[9.9999642e-01 3.5974315e-06],"[1.6995140e-06 3.8632353e-07 1.1863197e-05 3.5283665e-05 8.1931450e-04
 3.1641830e-02 6.0173947e-01 3.5781232e-01 7.9378588e-03]"
Test1/Accountant/detected_faces/6721.png,White,White,Male,50-59,"[7.7490348e-01 1.0448853e-04 8.0549397e-02 5.1059708e-04 2.5028986e-04
 1.0607907e-03 1.4262089e-01]",[9.9909848e-01 1.5167647e-05 3.2412627e-04 5.6224165e-04],[0.998626   0.00137396],"[4.7831469e-05 1.8767692e-05 1.0126534e-04 4.9947896e-05 1.5706400e-03
 4.1826483e-02 5.6453174e-01 3.8023505e-01 1.1618262e-02]"
Test1/Accountant/detected_faces/6722.png,White,White,Male,60-69,"[0.71634793 0.01912751 0.19562541 0.00423787 0.00284626 0.00759697
 0.05421803]",[0.8909253  0.03990312 0.05016081 0.01901076],[0.5947116 0.4052884],"[0.00079039 0.00117022 0.00662281 0.03894784 0.07605543 0.17013523
 0.3024752  0.32663468 0.07716824]"
Test1/Accountant/detected_faces/6723.png,White,White,Male,40-49,"[7.2368926e-01 3.1437618e-03 1.9559656e-01 4.0814688e-04 2.5704788e-04
 1.5956022e-02 6.0949266e-02]",[9.9604827e-01 2.6844730e-04 3.0968856e-04 3.3735195e-03],[9.9996412e-01 3.5870515e-05],"[9.7373422e-06 1.0139602e-05 4.4289933e-04 2.5737682e-02 3.5895357e-01
 5.0304425e-01 1.0771725e-01 4.0307520e-03 5.3698379e-05]"
Test1/Accountant/detected_faces/6724.png,White,Asian,Female,20-29,"[0.47267708 0.06305023 0.29401553 0.04588104 0.02216104 0.01518838
 0.08702677]",[0.39081815 0.01365419 0.5831352  0.01239251],[0.24823563 0.75176436],"[1.5880825e-04 9.7352304e-03 2.2633559e-01 6.6786247e-01 9.0912126e-02
 4.8089996e-03 1.6159506e-04 2.0842288e-05 4.3755895e-06]"
Test1/Accountant/detected_faces/6725.png,White,White,Male,20-29,"[0.34268162 0.03984129 0.32668325 0.00428559 0.01065463 0.07471504
 0.20113862]",[9.8328900e-01 1.2232111e-04 3.5391347e-03 1.3049549e-02],[0.99771476 0.00228524],"[3.3852225e-04 2.7333084e-03 1.2582517e-01 5.9807521e-01 2.1144523e-01
 4.9229786e-02 1.0731683e-02 1.5015464e-03 1.1959683e-04]"
Test1/Accountant/detected_faces/6726.png,White,White,Male,30-39,"[0.76669145 0.02171731 0.08538526 0.00193903 0.00207729 0.02406419
 0.09812555]",[0.5696318  0.00139005 0.42461768 0.00436048],[0.8723939 0.1276061],"[1.2848340e-04 1.3384481e-03 9.1359327e-03 2.1046814e-01 4.5441234e-01
 2.1901137e-01 7.0226394e-02 2.1960869e-02 1.3317966e-02]"
Test1/Accountant/detected_faces/6727.png,White,Asian,Female,20-29,"[0.5627656  0.00125111 0.06295643 0.24239512 0.01633558 0.00293554
 0.11136063]",[7.5366877e-02 8.0103600e-05 9.2424542e-01 3.0762158e-04],[0.03368136 0.96631867],"[8.6766931e-06 1.3125580e-03 9.7766809e-02 8.0172485e-01 9.5096745e-02
 3.9444230e-03 1.2932903e-04 1.4887588e-05 1.6411000e-06]"
Test1/Accountant/detected_faces/6728.png,White,White,Male,20-29,"[9.7431970e-01 2.7846188e-06 4.2541046e-04 3.0141693e-05 4.3089476e-05
 4.0757513e-05 2.5138054e-02]",[9.9990702e-01 1.8729904e-06 5.4543152e-06 8.5662585e-05],[9.9999774e-01 2.2605848e-06],"[5.7337871e-08 2.1805322e-06 5.3980728e-03 6.1466539e-01 3.5583344e-01
 2.3816299e-02 2.7915358e-04 5.2320538e-06 1.1422469e-07]"
Test1/Accountant/detected_faces/6729.png,White,White,Male,60-69,"[0.64826095 0.02635417 0.06554076 0.00443811 0.01289239 0.12069089
 0.12182269]",[0.958437   0.0076746  0.00933902 0.02454931],[0.9927686  0.00723139],"[6.8836860e-05 1.6516143e-04 2.3774423e-03 1.5745156e-02 2.1452866e-02
 5.8674343e-02 2.2557813e-01 4.7747770e-01 1.9846036e-01]"
Test1/Accountant/detected_faces/6730.png,Indian,White,Male,60-69,"[0.23654632 0.00780322 0.29301387 0.00111882 0.0104307  0.37297565
 0.07811144]",[8.4441125e-01 7.0009130e-04 6.6997842e-03 1.4818881e-01],[0.9816185  0.01838146],"[2.4335677e-04 8.8932604e-04 2.4634718e-03 7.6365104e-04 1.9292312e-03
 2.7292686e-02 2.8021559e-01 4.9178186e-01 1.9442078e-01]"
Test1/Accountant/detected_faces/6731.png,White,White,Male,50-59,"[9.9456429e-01 5.7976905e-07 5.0954882e-04 1.7127676e-04 8.7700908e-05
 2.4412084e-05 4.6422556e-03]",[9.9687994e-01 5.6197046e-06 2.7995212e-03 3.1497006e-04],[9.99989152e-01 1.08618915e-05],"[1.2055131e-05 2.3527302e-05 4.3578612e-04 4.5987757e-04 4.7497377e-03
 6.6035494e-02 6.9818181e-01 2.2262862e-01 7.4731316e-03]"
Test1/Accountant/detected_faces/6732.png,White,White,Male,50-59,"[0.7810189  0.00619933 0.09502925 0.00170023 0.00153394 0.00859211
 0.10592625]",[0.6935943  0.17497547 0.09747427 0.03395605],[0.7468156 0.2531844],"[1.3763279e-05 3.0141615e-05 8.6862221e-04 1.6460676e-02 5.4907806e-02
 1.6701502e-01 3.9208841e-01 2.9312420e-01 7.5491376e-02]"
Test1/Accountant/detected_faces/6733.png,White,White,Male,60-69,"[0.7675132  0.01072618 0.11850558 0.01032615 0.01446322 0.0226365
 0.05582913]",[0.7807808  0.00369624 0.20841198 0.00711104],[0.97110385 0.02889612],"[5.1004732e-05 7.6072414e-05 4.7787739e-04 3.7566733e-03 1.3072659e-02
 6.0670923e-02 2.6579967e-01 4.6254179e-01 1.9355336e-01]"
Test1/Accountant/detected_faces/6734.png,Middle Eastern,White,Male,30-39,"[4.0364227e-01 7.5392606e-04 1.0241825e-01 3.8902333e-04 7.4567628e-04
 4.9738079e-02 4.4231278e-01]",[9.7919184e-01 8.2617934e-04 1.0010292e-04 1.9881925e-02],[9.9993277e-01 6.7281573e-05],"[1.8246041e-06 3.3296888e-05 6.5019476e-04 3.3849347e-01 6.4318109e-01
 1.7613279e-02 2.6635120e-05 1.9836928e-07 4.5593116e-09]"
Test1/Accountant/detected_faces/6735.png,White,White,Female,70+,"[0.5209316  0.00082706 0.03922269 0.00544192 0.01343956 0.2530997
 0.16703746]",[9.6811080e-01 5.9097860e-04 5.6771017e-03 2.5621014e-02],[0.48434013 0.51565987],"[3.3632277e-05 1.5550105e-04 3.1300783e-04 1.2479307e-03 1.0591608e-03
 3.4279090e-03 1.1832092e-02 1.4008309e-01 8.4184772e-01]"
Test1/Accountant/detected_faces/6736.png,White,White,Male,20-29,"[7.84780622e-01 1.32239380e-04 9.02343243e-02 1.17791351e-03
 7.66479468e-04 1.51400035e-02 1.07768379e-01]",[9.462011e-01 9.938620e-05 9.847921e-04 5.271466e-02],[9.999947e-01 5.313411e-06],"[2.3544112e-06 1.3464190e-04 1.5527531e-02 7.3179638e-01 2.4779651e-01
 4.7290414e-03 1.3385605e-05 1.9855666e-07 2.8992413e-09]"
Test1/Accountant/detected_faces/6737.png,White,White,Male,60-69,"[9.2881161e-01 5.7661464e-04 6.4109578e-03 1.5402550e-03 2.5331718e-03
 5.7982909e-03 5.4329041e-02]",[9.9144399e-01 2.3624716e-04 3.1151455e-03 5.2045621e-03],[0.99881595 0.00118404],"[9.4638735e-06 5.7141333e-06 1.7052804e-05 3.1414085e-05 1.0277192e-04
 1.7666802e-03 6.7632511e-02 5.8983696e-01 3.4059745e-01]"
Test1/Accountant/detected_faces/6738.png,Latino_Hispanic,Indian,Male,20-29,"[6.9463938e-02 2.2520847e-04 3.5413694e-01 1.6922165e-01 1.6610186e-01
 1.7013943e-01 7.0710920e-02]",[8.6213306e-02 5.7011191e-04 8.6382695e-02 8.2683390e-01],[9.9999714e-01 2.8799252e-06],"[2.4511689e-06 1.4942042e-03 3.8669840e-01 5.9098542e-01 2.0456545e-02
 3.6055795e-04 2.3482194e-06 1.2170823e-07 2.0086550e-09]"
Test1/Accountant/detected_faces/6739.png,White,White,Male,50-59,"[0.7827026  0.00487335 0.02414126 0.00151147 0.00185939 0.01638607
 0.1685259 ]",[0.97109246 0.00932028 0.00609432 0.01349298],[9.991822e-01 8.177937e-04],"[1.0533042e-04 2.2774708e-04 9.4749564e-03 1.1221286e-01 1.6168641e-01
 2.3114531e-01 3.1151748e-01 1.5235445e-01 2.1275446e-02]"
Test1/Accountant/detected_faces/6740.png,White,White,Male,60-69,"[0.3724169  0.00102822 0.28708234 0.0933264  0.07424638 0.02938361
 0.14251614]",[9.4745928e-01 1.3409050e-04 3.0594919e-02 2.1811679e-02],[9.9999702e-01 2.9972173e-06],"[5.3154406e-05 5.9827315e-05 3.0421684e-04 2.4884212e-04 2.1396936e-03
 2.7517818e-02 3.7945166e-01 5.6078279e-01 2.9442081e-02]"
Test1/Accountant/detected_faces/6741.png,East Asian,Asian,Male,20-29,"[1.5015928e-03 8.5265083e-06 4.7784642e-04 9.3425053e-01 6.3258156e-02
 1.9768107e-04 3.0559857e-04]",[4.1705486e-03 1.3585536e-04 9.8836702e-01 7.3266011e-03],[9.9984479e-01 1.5526304e-04],"[2.1950571e-07 9.2996479e-06 9.4263880e-03 8.0027825e-01 1.8657359e-01
 3.6644132e-03 4.4340573e-05 3.4023203e-06 7.6066407e-08]"
Test1/Accountant/detected_faces/6744.png,White,White,Male,50-59,"[9.84653950e-01 4.59053736e-05 2.86089419e-03 8.93652214e-06
 1.07567403e-05 5.76702238e-04 1.18428115e-02]",[9.4738841e-01 2.7218296e-03 1.5957950e-04 4.9730137e-02],[9.9988347e-01 1.1650384e-04],"[4.1693369e-05 2.0713798e-05 1.9838536e-04 3.1684595e-03 4.5053147e-02
 2.5173029e-01 5.9756345e-01 9.7766809e-02 4.4571594e-03]"
Test1/Accountant/detected_faces/6745.png,White,White,Male,30-39,"[9.9200088e-01 7.6239762e-06 1.7647512e-03 1.2636404e-04 1.0182938e-04
 2.1799801e-04 5.7805232e-03]",[9.9946260e-01 7.6599690e-06 1.0424037e-04 4.2537690e-04],[9.9999976e-01 2.5852268e-07],"[1.2279223e-06 1.6847276e-05 9.5235440e-04 3.2116666e-02 5.1861382e-01
 4.3494138e-01 1.3265421e-02 9.1484886e-05 8.2845963e-07]"
Test1/Accountant/detected_faces/6746.png,White,White,Male,20-29,"[6.16765261e-01 4.09637927e-04 2.55531192e-01 9.01245419e-03
 9.20967199e-03 5.88843180e-03 1.03183255e-01]",[6.5224063e-01 1.4234809e-04 2.8448409e-01 6.3132934e-02],[9.9999881e-01 1.2085102e-06],"[8.6591962e-07 9.4066214e-05 5.6213215e-02 7.3803967e-01 1.9627565e-01
 9.2572840e-03 1.1722782e-04 1.9599313e-06 2.7794725e-08]"
Test1/Accountant/detected_faces/6747.png,White,White,Male,30-39,"[9.9586850e-01 5.9309068e-06 7.6154975e-04 6.0459547e-06 8.5874299e-06
 2.9464634e-05 3.3198853e-03]",[9.9982101e-01 3.7620289e-06 4.1229621e-05 1.3399617e-04],[9.9982095e-01 1.7900977e-04],"[1.4205111e-06 9.0642961e-06 1.2583096e-03 2.0897022e-01 5.8974397e-01
 1.9242962e-01 7.4565709e-03 1.2702962e-04 3.7288464e-06]"
Test1/Accountant/detected_faces/6748.png,Latino_Hispanic,Indian,Male,50-59,"[0.03932795 0.00309412 0.6234617  0.0200578  0.06949995 0.22356577
 0.02099272]",[0.3892915 0.0027699 0.034157  0.5737816],[0.99890983 0.00109017],"[1.6882111e-04 2.7470556e-04 8.2766969e-04 3.4440684e-04 7.6417546e-03
 1.3140397e-01 6.2036037e-01 2.2914881e-01 9.8294588e-03]"
Test1/Accountant/detected_faces/6749.png,White,White,Male,30-39,"[9.5148778e-01 1.8670942e-05 4.7721257e-03 3.0301439e-04 1.8584997e-04
 1.9178903e-04 4.3040711e-02]",[9.9929422e-01 2.2649832e-04 1.1414006e-04 3.6524714e-04],[9.999093e-01 9.075634e-05],"[1.9567356e-06 2.0888006e-06 1.2544266e-04 3.1352453e-02 6.3065350e-01
 3.3271146e-01 5.1156855e-03 3.6982616e-05 4.4895262e-07]"
Test1/Accountant/detected_faces/6752.png,White,White,Male,30-39,"[8.8376307e-01 4.9526648e-06 7.9345349e-03 4.8686393e-02 9.1194240e-03
 4.4477172e-04 5.0046861e-02]",[9.50896263e-01 1.02372705e-05 4.60571386e-02 3.03642894e-03],[9.9999970e-01 2.9959628e-07],"[5.8855958e-06 2.8818597e-05 1.1644549e-03 9.6386790e-02 7.3313040e-01
 1.6330650e-01 5.8200485e-03 1.5590146e-04 1.1953151e-06]"
Test1/Accountant/detected_faces/6753.png,White,White,Male,20-29,"[0.31624407 0.00131746 0.3093339  0.0003327  0.0009093  0.06110625
 0.31075633]",[7.3386925e-01 1.3891318e-02 6.4538431e-04 2.5159404e-01],[9.9993914e-01 6.0858565e-05],"[1.2059053e-07 5.6227054e-06 5.3725960e-03 7.8550261e-01 2.0599107e-01
 3.1120114e-03 1.5748061e-05 2.0824673e-07 4.4539274e-09]"
Test1/Accountant/detected_faces/6753_face1.png,White,White,Male,20-29,"[0.33242062 0.1602993  0.20464571 0.03392134 0.02133548 0.04978525
 0.19759235]",[0.8761526  0.04400414 0.01748053 0.06236288],[0.788367   0.21163301],"[2.2694764e-04 2.6600584e-03 2.6204426e-02 5.0610662e-01 3.3618522e-01
 9.8593742e-02 2.1214262e-02 7.5714737e-03 1.2372291e-03]"
Test1/Accountant/detected_faces/6754.png,White,White,Male,40-49,"[9.9613458e-01 8.4503314e-05 1.3867525e-03 6.7957382e-07 1.9935355e-06
 1.5547205e-04 2.2359907e-03]",[9.9877030e-01 2.0703915e-04 1.5662497e-05 1.0069759e-03],[9.9994975e-01 5.0276645e-05],"[2.0366140e-06 4.2408724e-06 1.3062920e-04 5.5804150e-03 2.2775280e-01
 6.7749846e-01 8.7562062e-02 1.4364187e-03 3.2826269e-05]"
Test1/Accountant/detected_faces/6755.png,White,White,Male,20-29,"[8.7928039e-01 1.3143682e-03 8.2227379e-02 5.4865819e-04 2.7314428e-04
 5.9606764e-04 3.5760004e-02]",[9.9904686e-01 4.0658034e-04 4.1636813e-04 1.3017097e-04],[0.9987469  0.00125314],"[5.0351396e-06 9.2281465e-05 2.2294262e-02 4.8796314e-01 4.1674247e-01
 6.7902543e-02 4.7169887e-03 2.7125530e-04 1.2053213e-05]"
Test1/Accountant/detected_faces/6757.png,White,White,Male,60-69,"[9.4445330e-01 8.5001957e-05 4.5855367e-03 2.0846521e-02 7.5395908e-03
 2.5757146e-03 1.9914385e-02]",[0.89014643 0.00157515 0.09048726 0.01779117],[9.999960e-01 4.032357e-06],"[8.4139956e-06 2.9630937e-06 4.0274732e-05 6.7344547e-05 7.8764872e-04
 1.5849678e-02 3.2073110e-01 6.5054274e-01 1.1969932e-02]"
Test1/Accountant/detected_faces/6758.png,White,White,Male,30-39,"[7.0414913e-01 2.2188696e-04 2.1386629e-01 1.3068292e-02 3.5830198e-03
 1.6546415e-02 4.8564907e-02]",[0.7180464  0.00187977 0.19987133 0.0802025 ],[9.999664e-01 3.363592e-05],"[3.9735671e-05 3.0174016e-04 1.9233296e-02 3.8797209e-01 5.0580418e-01
 8.3468050e-02 3.1243630e-03 5.5851171e-05 7.1139362e-07]"
Test1/Accountant/detected_faces/6759.png,White,White,Male,30-39,"[7.6771837e-01 2.4615747e-03 1.8816335e-01 4.3325088e-04 5.2120682e-04
 9.6132634e-03 3.1089012e-02]",[9.9622005e-01 8.8551530e-04 2.7841568e-04 2.6161093e-03],[9.9966311e-01 3.3691485e-04],"[8.0268643e-07 1.9775041e-05 2.7478077e-03 3.0673277e-01 6.4714658e-01
 4.2901367e-02 4.4726173e-04 3.6456636e-06 8.9203368e-08]"
Test1/Accountant/detected_faces/6760.png,Latino_Hispanic,White,Male,20-29,"[1.1549896e-01 5.2621021e-05 3.0672646e-01 2.8449836e-01 2.2370158e-01
 3.0425642e-02 3.9096389e-02]",[5.485372e-01 3.198400e-04 3.691638e-01 8.197921e-02],[9.9999976e-01 2.0010512e-07],"[7.2126119e-07 3.2730728e-05 1.1205948e-02 7.5809455e-01 2.2626059e-01
 4.3704170e-03 3.4129822e-05 9.0226723e-07 6.2086944e-09]"
Test1/Accountant/detected_faces/6761.png,White,White,Male,60-69,"[0.7293384  0.01347874 0.11331204 0.00211187 0.00204723 0.03636232
 0.10334947]",[0.9826028  0.0012294  0.00412011 0.01204774],[0.89720553 0.10279451],"[9.0259651e-05 1.7787179e-04 6.7638082e-04 1.5664076e-03 6.2225759e-03
 2.6327740e-02 1.2596634e-01 4.6960059e-01 3.6937183e-01]"
Test1/Accountant/detected_faces/6762.png,Latino_Hispanic,Indian,Male,60-69,"[0.10003993 0.00636342 0.39746526 0.02673059 0.04659645 0.3714063
 0.05139805]",[0.22701176 0.0027657  0.05884705 0.7113755 ],[9.9999821e-01 1.7518431e-06],"[3.8326639e-06 3.4607374e-06 1.8734923e-05 8.0163154e-06 4.7280457e-05
 1.5444736e-03 5.9521094e-02 8.4841996e-01 9.0433136e-02]"
Test1/Accountant/detected_faces/6763.png,White,White,Male,20-29,"[9.7557759e-01 2.5672029e-04 2.9239960e-03 1.9147332e-03 4.7537393e-04
 7.2881574e-04 1.8122708e-02]",[9.9063772e-01 1.0141372e-03 7.9962956e-03 3.5182046e-04],[0.9209735  0.07902647],"[4.8039230e-05 1.6874324e-03 9.4800979e-02 5.4539794e-01 2.7106273e-01
 6.7952245e-02 1.6502980e-02 2.1610763e-03 3.8646979e-04]"
Test1/Accountant/detected_faces/6764.png,White,White,Male,20-29,"[0.50876695 0.02160218 0.2033743  0.00477482 0.00390069 0.06560408
 0.19197702]",[0.5403536  0.03666525 0.37400427 0.04897686],[0.5108049  0.48919508],"[1.6957108e-04 4.3321978e-03 8.0648594e-02 5.3441483e-01 3.0436027e-01
 6.7539960e-02 7.0404774e-03 1.2890409e-03 2.0508154e-04]"
Test1/Accountant/detected_faces/6765.png,White,White,Female,20-29,"[7.1359527e-01 4.3053710e-04 3.2273740e-02 2.7195122e-03 5.2245799e-03
 9.9640004e-03 2.3579238e-01]",[0.75505    0.00473559 0.23043549 0.00977893],[0.43772742 0.5622726 ],"[0.00150607 0.00270103 0.01847389 0.3678537  0.34759563 0.16111115
 0.05603852 0.02835801 0.01636188]"
Test1/Accountant/detected_faces/6766.png,White,White,Female,50-59,"[6.0122728e-01 2.4867611e-04 3.5250473e-01 6.0267324e-05 1.6468480e-04
 1.3789286e-02 3.2005101e-02]",[9.9834633e-01 1.0294303e-04 2.3809858e-04 1.3126836e-03],[0.41299933 0.58700067],"[1.8282775e-05 5.4005090e-05 1.1051674e-03 1.5015181e-03 1.8235080e-02
 1.6694388e-01 4.8427808e-01 3.0257705e-01 2.5286984e-02]"
Test1/Accountant/detected_faces/6767.png,Indian,Asian,Female,70+,"[0.15843736 0.00755131 0.18277627 0.02419894 0.06163196 0.32475796
 0.24064612]",[0.42573422 0.0031375  0.4960659  0.0750623 ],[0.38299185 0.6170081 ],"[1.0163491e-04 4.8639133e-04 4.0824973e-04 2.2114646e-03 1.9066110e-03
 2.1275163e-03 8.2154619e-03 8.7212525e-02 8.9733016e-01]"
Test1/Accountant/detected_faces/6768.png,White,White,Male,60-69,"[8.9396250e-01 3.4019921e-04 4.6543475e-02 1.8800367e-04 3.8879906e-04
 5.6194412e-03 5.2957620e-02]",[9.9703777e-01 3.5385903e-05 1.1221672e-03 1.8046648e-03],[0.99127686 0.00872317],"[1.7478076e-05 9.4246025e-06 1.4330805e-04 6.6085043e-04 4.2710188e-03
 4.4504929e-02 3.9823994e-01 4.8618212e-01 6.5970987e-02]"
Test1/Accountant/detected_faces/6769.png,Latino_Hispanic,Indian,Male,50-59,"[0.04031201 0.12078778 0.435353   0.00363421 0.03422557 0.35106283
 0.01462459]",[0.02112366 0.08543648 0.0080103  0.88542956],[0.9562893  0.04371074],"[2.5201344e-04 7.6568150e-04 7.7110375e-03 3.5133142e-02 1.0741941e-01
 2.6636410e-01 3.4778258e-01 1.9221857e-01 4.2353444e-02]"
Test1/Accountant/detected_faces/6770.png,White,Asian,Male,20-29,"[4.3158898e-01 4.0662926e-05 2.5180222e-02 4.0665042e-01 3.9823249e-02
 7.5609349e-03 8.9155607e-02]",[1.0813588e-01 6.2450964e-04 8.5723692e-01 3.4002684e-02],[0.73993653 0.26006353],"[6.8253612e-06 4.1277003e-03 3.3874020e-01 6.2938446e-01 2.6827168e-02
 8.8510994e-04 2.4647155e-05 3.4955349e-06 3.3408699e-07]"
Test1/Accountant/detected_faces/6771.png,White,White,Male,30-39,"[0.8508611  0.00927299 0.03702096 0.00281991 0.00259755 0.00799437
 0.08943306]",[0.94877785 0.04044328 0.00257609 0.00820273],[0.9875271  0.01247292],"[4.2369506e-05 5.1020889e-04 4.1998294e-03 2.4954855e-01 6.4836073e-01
 9.3729489e-02 3.3442930e-03 2.2744291e-04 3.7133374e-05]"
Test1/Accountant/detected_faces/6771_face1.png,Latino_Hispanic,White,Male,20-29,"[0.08634029 0.1195038  0.39785197 0.10239933 0.13723938 0.12830073
 0.02836445]",[0.78434455 0.0068817  0.0137554  0.19501834],[0.97034895 0.02965105],"[5.0124614e-05 8.8943337e-04 2.1310367e-02 5.1147968e-01 3.6151719e-01
 8.5525520e-02 1.3296320e-02 4.7980021e-03 1.1333831e-03]"
Test1/Accountant/detected_faces/6771_face2.png,White,White,Male,40-49,"[0.45581627 0.02025325 0.14591143 0.22440557 0.09588756 0.00592469
 0.05180128]",[0.8469994  0.00812974 0.1420216  0.00284926],[0.98168796 0.01831208],"[3.1259522e-05 1.0955156e-04 3.2712498e-03 1.0384535e-01 2.5874946e-01
 3.8223445e-01 1.8360294e-01 5.8198728e-02 9.9569969e-03]"
Test1/Accountant/detected_faces/6771_face3.png,Southeast Asian,Asian,Male,40-49,"[0.04029667 0.01207046 0.06692975 0.33147833 0.3663797  0.16056241
 0.02228272]",[0.4641614  0.01011389 0.49779695 0.02792778],[0.9972013  0.00279868],"[1.9709925e-04 2.7347435e-04 1.7413916e-03 3.5243645e-02 2.2955723e-01
 5.3187561e-01 1.6230386e-01 3.5423610e-02 3.3840397e-03]"
Test1/Accountant/detected_faces/6771_face4.png,White,Asian,Male,20-29,"[0.42726678 0.00679818 0.1632813  0.18872964 0.0606907  0.04485269
 0.10838066]",[0.14959183 0.01182704 0.8209757  0.01760545],[0.58088475 0.41911525],"[1.5672516e-04 5.2496409e-03 8.5589841e-02 5.7713479e-01 2.9279262e-01
 3.5587937e-02 2.7782070e-03 6.1399571e-04 9.6350857e-05]"
Test1/Accountant/detected_faces/6771_face5.png,East Asian,White,Male,20-29,"[4.0076429e-01 8.9346409e-05 6.4650900e-03 5.5146140e-01 2.9765345e-02
 2.7307350e-04 1.1181576e-02]",[6.4109880e-01 9.5583295e-05 3.5845608e-01 3.4954489e-04],[0.98915017 0.01084984],"[5.0313331e-05 2.5706205e-03 2.2320253e-01 5.7510215e-01 1.5842740e-01
 3.4303654e-02 5.0898897e-03 1.1288014e-03 1.2471811e-04]"
Test1/Accountant/detected_faces/6771_face6.png,White,White,Male,20-29,"[0.64447165 0.02263556 0.17747241 0.0123496  0.01403948 0.01622987
 0.11280143]",[0.9863658  0.00115361 0.00182581 0.01065477],[0.97262675 0.02737329],"[3.3283559e-05 4.5035273e-04 1.9404691e-02 6.3738292e-01 2.9793373e-01
 3.9094385e-02 4.7294293e-03 8.7293709e-04 9.8214921e-05]"
Test1/Accountant/detected_faces/6771_face7.png,White,White,Male,20-29,"[8.4486121e-01 6.8797648e-04 8.9723155e-02 4.6152007e-02 1.4828127e-02
 1.5255837e-03 2.2219482e-03]",[9.9272645e-01 3.8678088e-05 6.9810399e-03 2.5389696e-04],[0.88090783 0.11909214],"[1.6456148e-05 1.5820708e-03 1.3164319e-01 6.2687516e-01 2.0613413e-01
 3.1484455e-02 2.0454791e-03 1.9577201e-04 2.3296119e-05]"
Test1/Accountant/detected_faces/6771_face8.png,Black,Asian,Male,40-49,"[0.13586098 0.23057477 0.20829798 0.1923871  0.11352753 0.06373725
 0.05561444]",[0.03286864 0.34470177 0.5058394  0.11659016],[0.9174876 0.0825124],"[0.00352849 0.01895669 0.05886275 0.19363868 0.21321426 0.24090625
 0.14986883 0.08801896 0.03300512]"
Test1/Accountant/detected_faces/6771_face9.png,White,White,Female,30-39,"[0.45971698 0.01256054 0.07454077 0.16871276 0.02748029 0.02906698
 0.2279217 ]",[0.6844303  0.01409623 0.28828838 0.01318506],[0.31967005 0.6803299 ],"[0.00156465 0.00984993 0.06562796 0.23115224 0.30509248 0.21951537
 0.09068201 0.05690453 0.01961083]"
Test1/Accountant/detected_faces/6772.png,White,Asian,Female,20-29,"[0.54831153 0.00501982 0.11643829 0.1604168  0.04919083 0.00800348
 0.11261922]",[2.3666327e-03 3.0824175e-04 9.9718750e-01 1.3761151e-04],[0.37794524 0.62205476],"[2.3096945e-05 1.6855886e-04 1.7963931e-02 5.3601331e-01 3.6612245e-01
 6.8265766e-02 1.0007389e-02 1.3313160e-03 1.0417471e-04]"
Test1/Accountant/detected_faces/6773.png,White,White,Male,20-29,"[9.2451429e-01 6.2621845e-04 2.7634533e-02 1.4283116e-02 4.5647901e-03
 8.4936596e-04 2.7527651e-02]",[9.5534384e-01 6.2923197e-04 4.0992115e-02 3.0347705e-03],[0.834089   0.16591099],"[6.1467865e-05 1.0579457e-03 4.1810263e-02 6.9282687e-01 2.2085015e-01
 3.8662296e-02 3.9598919e-03 6.4819009e-04 1.2284062e-04]"
Test1/Accountant/detected_faces/6774.png,Indian,Asian,Male,70+,"[0.21128835 0.01302404 0.11600053 0.10088799 0.20623574 0.3044356
 0.04812769]",[2.0854798e-01 5.1834009e-04 7.4895418e-01 4.1979514e-02],[0.97684515 0.02315486],"[7.5378077e-05 5.4566312e-04 1.2647541e-04 7.9869671e-05 9.3323404e-05
 3.6920450e-04 5.3608804e-03 1.4550214e-01 8.4784704e-01]"
Test1/Accountant/detected_faces/6775.png,Latino_Hispanic,Indian,Male,30-39,"[0.26345745 0.02012785 0.33299997 0.00106055 0.00545875 0.32799634
 0.04889904]",[0.07130919 0.02707276 0.0204845  0.88113356],[0.9970057  0.00299425],"[0.0005063  0.00263691 0.02777494 0.27802646 0.43151727 0.21024701
 0.04087337 0.00777611 0.0006417 ]"
Test1/Accountant/detected_faces/6776.png,Indian,White,Male,60-69,"[0.06385697 0.16436549 0.16005665 0.07071818 0.10284627 0.26176757
 0.17638884]",[0.4075886  0.39318132 0.08546059 0.11376949],[9.997547e-01 2.452878e-04],"[7.5445860e-05 1.0190064e-04 7.5994892e-04 1.4679328e-02 3.6040153e-02
 1.2894200e-01 2.9086858e-01 4.0300956e-01 1.2552316e-01]"
Test1/Accountant/detected_faces/6777.png,White,White,Male,30-39,"[9.8223656e-01 5.9240165e-06 2.0852636e-03 6.3543683e-03 1.6152917e-03
 1.4222501e-04 7.5603370e-03]",[9.8647410e-01 1.9505240e-04 1.2479547e-02 8.5137511e-04],[0.99816924 0.00183079],"[2.8850693e-07 2.7376041e-06 3.9716261e-03 4.6073389e-01 4.6904051e-01
 6.4119413e-02 2.0776899e-03 5.1937121e-05 1.9505417e-06]"
Test1/Accountant/detected_faces/6779.png,White,White,Male,60-69,"[9.6105582e-01 1.4785284e-04 1.8508954e-03 1.8908186e-03 1.3721974e-03
 1.0721121e-03 3.2610305e-02]",[0.857841   0.00122674 0.1331162  0.00781599],[0.9945462  0.00545384],"[4.1644751e-05 1.8095236e-05 2.8416196e-05 3.5050554e-05 1.3496721e-04
 1.4757480e-03 5.6208916e-02 4.9008504e-01 4.5197213e-01]"
Test1/Accountant/detected_faces/6780.png,White,White,Male,50-59,"[9.9727124e-01 3.1718682e-07 7.6282944e-05 3.7777795e-06 4.1685703e-06
 6.7159408e-06 2.6375202e-03]",[9.9945301e-01 1.4897960e-05 2.0046855e-04 3.3160023e-04],[0.7386971  0.26130286],"[5.7158381e-06 3.3145356e-05 1.6233338e-03 2.3170825e-02 5.2025381e-02
 2.9945233e-01 4.0728757e-01 1.6324221e-01 5.3159449e-02]"
Test1/Accountant/detected_faces/6781.png,White,White,Male,40-49,"[8.2338196e-01 3.6544145e-05 3.7043236e-02 1.1975583e-02 9.5470455e-03
 7.2035618e-02 4.5980047e-02]",[7.9767656e-01 5.8224086e-05 1.6244464e-02 1.8602072e-01],[0.9966343  0.00336567],"[0.00061778 0.01108257 0.18318693 0.15592617 0.20395625 0.36150894
 0.07277481 0.01034431 0.00060217]"
Test1/Accountant/detected_faces/6782.png,Middle Eastern,White,Male,30-39,"[0.26411065 0.04372798 0.15283224 0.00515528 0.00967659 0.05800999
 0.46648726]",[0.69482195 0.01856301 0.16178212 0.1248329 ],[0.9675874  0.03241263],"[1.3956611e-04 8.8723091e-04 2.0108115e-02 2.7485153e-01 3.9311054e-01
 2.0654215e-01 6.9097519e-02 2.8220458e-02 7.0427931e-03]"
Test1/Accountant/detected_faces/6783.png,White,White,Male,50-59,"[0.596045   0.03293263 0.21123405 0.01848375 0.02470739 0.06026145
 0.05633565]",[0.75329995 0.01341062 0.08502769 0.14826176],[0.9966876 0.0033124],"[3.4722379e-05 5.3583637e-05 1.5939269e-03 2.6009131e-02 9.0534300e-02
 3.0598295e-01 4.1447228e-01 1.5088640e-01 1.0432705e-02]"
Test1/Accountant/detected_faces/6784.png,East Asian,White,Male,40-49,"[3.6724603e-01 3.0345668e-04 2.4967616e-02 5.1243782e-01 5.0224092e-02
 1.5088179e-03 4.3312106e-02]",[8.5093671e-01 6.1677670e-04 1.4724077e-01 1.2057310e-03],[9.9999672e-01 3.2017742e-06],"[5.0447024e-06 9.9707013e-06 3.6569333e-04 2.5498658e-02 4.3535814e-01
 4.6660709e-01 7.0541501e-02 1.5963647e-03 1.7439239e-05]"
Test1/Accountant/detected_faces/6784_face1.png,White,White,Female,20-29,"[9.0894395e-01 4.6427205e-05 5.6028608e-03 4.9038839e-02 5.1211664e-03
 6.9608635e-05 3.1177139e-02]",[9.9132252e-01 2.0451834e-04 7.8583732e-03 6.1462517e-04],[0.005215 0.994785],"[1.1323534e-06 1.5466628e-04 5.1613066e-02 5.0217932e-01 3.5452670e-01
 8.3201937e-02 7.9008928e-03 4.1372553e-04 8.5828906e-06]"
Test1/Accountant/detected_faces/6784_face2.png,White,White,Female,20-29,"[9.6131390e-01 4.9587384e-06 1.2596871e-02 1.2411588e-02 3.2338584e-03
 2.6940010e-04 1.0169443e-02]",[9.9531090e-01 4.4551442e-05 4.2127450e-03 4.3172634e-04],[0.00118494 0.99881506],"[1.9157216e-05 2.0783095e-02 3.5727394e-01 4.0336645e-01 1.6664441e-01
 4.7669258e-02 3.8922406e-03 3.1327931e-04 3.8120081e-05]"
Test1/Accountant/detected_faces/6784_face3.png,Middle Eastern,Black,Male,20-29,"[0.02845159 0.00564081 0.03776293 0.00374848 0.00732123 0.00743657
 0.9096384 ]",[0.3384868  0.5285452  0.12939914 0.00356887],[0.998559   0.00144096],"[1.9760206e-05 8.0728071e-04 6.5401427e-02 3.9028120e-01 3.3622664e-01
 1.7960455e-01 2.4453953e-02 3.0355752e-03 1.6972232e-04]"
Test1/Accountant/detected_faces/6784_face4.png,White,White,Male,20-29,"[0.42235014 0.00199861 0.25455242 0.00942989 0.02105829 0.09091738
 0.19969332]",[0.592249   0.00077255 0.00295072 0.4040278 ],[9.9989522e-01 1.0478995e-04],"[2.00738270e-07 1.47375722e-05 1.55004570e-02 8.24972272e-01
 1.50964916e-01 8.30214936e-03 2.33511950e-04 1.12663165e-05
 4.91803917e-07]"
Test1/Accountant/detected_faces/6784_face5.png,White,White,Female,20-29,"[9.4344366e-01 2.2012007e-05 3.5063347e-03 3.2916537e-04 2.1158438e-04
 2.4893139e-05 5.2462302e-02]",[9.9930525e-01 1.5987786e-04 3.1626754e-04 2.1864947e-04],[0.12968811 0.8703119 ],"[5.9306690e-06 6.6085294e-04 1.3198107e-01 4.8924008e-01 2.8513876e-01
 8.1134364e-02 1.0533726e-02 1.2309883e-03 7.4212701e-05]"
Test1/Accountant/detected_faces/6784_face6.png,Middle Eastern,White,Male,20-29,"[1.2652220e-01 2.3566421e-05 1.7651939e-03 4.7229240e-03 6.0855178e-04
 1.7373006e-04 8.6618382e-01]",[8.2188421e-01 1.8319750e-05 1.7798452e-01 1.1288524e-04],[9.9908185e-01 9.1819471e-04],"[6.24528475e-05 1.88009639e-03 1.31418705e-01 5.11386037e-01
 2.37785324e-01 1.00395225e-01 1.33363297e-02 3.45334341e-03
 2.82541383e-04]"
Test1/Accountant/detected_faces/6784_face7.png,White,White,Male,30-39,"[9.7117430e-01 1.2833755e-04 1.6146268e-03 3.6995210e-05 3.9506798e-05
 1.8378362e-04 2.6822487e-02]",[9.9986106e-01 2.5489895e-05 4.9400620e-05 6.4069587e-05],[9.9957800e-01 4.2201052e-04],"[2.2007180e-06 1.2895558e-05 1.1408349e-03 2.1653739e-01 5.5434996e-01
 2.0746452e-01 1.9779982e-02 6.7728810e-04 3.4918445e-05]"
Test1/Accountant/detected_faces/6784_face8.png,White,White,Male,30-39,"[5.3823757e-01 6.0914535e-05 7.3208390e-03 8.7033313e-06 2.6782580e-05
 3.9901603e-03 4.5035493e-01]",[7.4883264e-01 5.9180325e-03 1.0006013e-04 2.4514928e-01],[9.9979848e-01 2.0150596e-04],"[3.2054224e-06 1.4656765e-05 2.9460907e-03 1.7315264e-01 5.3158683e-01
 2.6679614e-01 2.4843657e-02 6.4012961e-04 1.6674003e-05]"
Test1/Accountant/detected_faces/6784_face9.png,Middle Eastern,White,Male,20-29,"[3.2463875e-01 1.7894748e-04 2.4914689e-02 8.3714249e-06 6.1169863e-05
 8.9504123e-03 6.4124763e-01]",[9.9725604e-01 5.6764937e-04 1.8221416e-04 1.9941367e-03],[0.9859248  0.01407523],"[2.2552111e-07 9.1402762e-06 9.1752466e-03 4.6368614e-01 4.4981381e-01
 7.2019987e-02 5.1187649e-03 1.6884705e-04 7.8335270e-06]"
Test1/Accountant/detected_faces/6784_face10.png,White,White,Male,20-29,"[9.1090071e-01 4.5628527e-05 3.4692115e-03 1.0665918e-04 1.0908690e-04
 1.3102117e-05 8.5355826e-02]",[9.9873364e-01 7.8959874e-04 3.2792176e-04 1.4897124e-04],[9.9991387e-01 8.6117514e-05],"[3.6832029e-07 7.6831369e-05 1.6031221e-01 7.0809382e-01 1.2412334e-01
 7.2117914e-03 1.7578174e-04 5.6956296e-06 1.5426717e-07]"
Test1/Accountant/detected_faces/6784_face11.png,White,White,Male,20-29,"[9.2262256e-01 2.4945027e-04 8.7255305e-03 1.5563832e-02 3.3107463e-03
 1.1793332e-03 4.8348434e-02]",[0.65943235 0.000967   0.33556995 0.00403078],[0.90559846 0.09440148],"[1.2302861e-04 6.9254558e-03 1.9835338e-01 3.8613659e-01 2.3919387e-01
 1.4148380e-01 2.4548372e-02 2.8308989e-03 4.0462628e-04]"
Test1/Accountant/detected_faces/6784_face12.png,Middle Eastern,White,Male,30-39,"[0.18090011 0.04175986 0.230258   0.00133777 0.00293605 0.09396856
 0.4488397 ]",[0.5155977  0.01658637 0.00233561 0.46548036],[9.999049e-01 9.511341e-05],"[1.3952978e-05 2.2775009e-04 3.6979318e-03 1.0141356e-01 5.8097625e-01
 2.9255104e-01 2.0345528e-02 7.4882765e-04 2.5068139e-05]"
Test1/Accountant/detected_faces/6785.png,East Asian,Asian,Female,20-29,"[0.15960829 0.00216811 0.0694971  0.61353004 0.08907116 0.00602602
 0.06009927]",[0.28748998 0.00182135 0.70821095 0.00247774],[0.4284299 0.5715701],"[8.4580254e-04 2.9338451e-02 1.3828848e-01 7.4161613e-01 8.2769364e-02
 6.7509254e-03 3.3385860e-04 4.6053774e-05 1.0964005e-05]"
Test1/Accountant/detected_faces/6786.png,White,White,Male,20-29,"[9.9829155e-01 1.7000922e-06 7.9998130e-04 7.3511168e-05 3.5700810e-05
 3.3978566e-05 7.6340215e-04]",[9.9857992e-01 3.0263300e-06 1.6104580e-04 1.2560525e-03],[9.9999809e-01 1.8711316e-06],"[2.3467164e-08 2.6032412e-06 4.8593613e-03 7.8658086e-01 2.0406049e-01
 4.4657518e-03 3.0729119e-05 1.9997773e-07 3.8158250e-09]"
Test1/Accountant/detected_faces/6787.png,White,White,Male,30-39,"[5.1098204e-01 1.2819265e-04 4.8872497e-02 5.2615179e-04 3.6017783e-04
 7.8886170e-03 4.3124244e-01]",[9.6426052e-01 9.2469179e-04 1.1541481e-04 3.4699339e-02],[0.9941969  0.00580304],"[2.2375257e-06 2.1614000e-05 5.0011114e-03 4.3207741e-01 5.4275692e-01
 1.9885384e-02 2.5044769e-04 4.7099320e-06 8.7796295e-08]"
Test1/Accountant/detected_faces/6788.png,White,White,Male,60-69,"[8.60923350e-01 3.62284156e-03 2.42051613e-02 2.76345789e-04
 4.48214385e-04 6.61167596e-03 1.03912346e-01]",[9.9769658e-01 7.6173259e-05 1.5454814e-03 6.8182044e-04],[9.9990517e-01 9.4805917e-05],"[4.93461157e-05 1.65378187e-05 6.73498944e-05 1.10463516e-04
 9.23868793e-04 1.41275208e-02 2.33550087e-01 6.54010892e-01
 9.71440151e-02]"
Test1/Accountant/detected_faces/6789.png,White,White,Male,50-59,"[6.6408545e-01 1.9624025e-05 9.4539067e-03 1.6348432e-04 5.3827174e-04
 6.1273011e-03 3.1961212e-01]",[9.3289429e-01 2.1259110e-04 7.0641784e-04 6.6186719e-02],[9.9999976e-01 2.0310983e-07],"[9.5955920e-06 1.9609453e-05 5.1085459e-04 9.4380247e-04 2.8227629e-02
 4.0061152e-01 5.2059156e-01 4.8518848e-02 5.6657183e-04]"
Test1/Accountant/detected_faces/6790.png,White,Asian,Female,20-29,"[0.62953836 0.00736085 0.02703119 0.21914683 0.05408444 0.00415434
 0.05868397]",[1.3091388e-01 2.8145579e-03 8.6613804e-01 1.3351921e-04],[0.24110411 0.7588959 ],"[9.3945064e-06 2.8091692e-04 4.2174689e-02 6.3669240e-01 2.7881768e-01
 3.9043013e-02 2.7128598e-03 2.2669313e-04 4.2363419e-05]"
Test1/Accountant/detected_faces/6790_face1.png,White,White,Male,20-29,"[0.70706403 0.09827147 0.05998147 0.07390918 0.02304547 0.00416744
 0.03356094]",[5.0271177e-01 1.3456162e-03 4.9589783e-01 4.4832650e-05],[0.500212   0.49978796],"[0.00210599 0.01332301 0.05509334 0.3521066  0.25147843 0.15708475
 0.0903894  0.05584224 0.02257621]"
Test1/Accountant/detected_faces/6791.png,White,White,Male,50-59,"[9.2488104e-01 5.0473894e-04 3.6314342e-02 1.8344587e-02 7.5705210e-03
 5.3420509e-03 7.0427801e-03]",[0.9119637  0.00122492 0.08408818 0.00272318],[9.9934083e-01 6.5917661e-04],"[2.24569430e-05 1.12794194e-04 1.12806831e-03 8.82051047e-03
 7.02627450e-02 3.31729591e-01 5.12544692e-01 7.20591396e-02
 3.31991701e-03]"
Test1/Accountant/detected_faces/6793.png,White,White,Male,20-29,"[9.9417192e-01 1.9416953e-05 1.0756471e-03 1.5066404e-04 9.1497073e-05
 4.2597312e-04 4.0648752e-03]",[9.9947548e-01 6.9974696e-05 1.1714306e-04 3.3737643e-04],[9.9998784e-01 1.2123346e-05],"[2.0947031e-04 2.9257534e-03 6.2618680e-02 4.4652787e-01 3.8376135e-01
 9.3070708e-02 1.0202326e-02 6.5402477e-04 2.9856095e-05]"
Test1/Accountant/detected_faces/6794.png,White,White,Male,20-29,"[9.9922025e-01 3.9122537e-05 2.6478493e-04 1.9625570e-05 1.1963857e-05
 5.1576267e-06 4.3905576e-04]",[9.9863923e-01 1.1506800e-03 1.7622432e-04 3.3811735e-05],[9.999925e-01 7.525043e-06],"[7.0131925e-08 1.5551697e-05 1.2677739e-02 9.1494846e-01 7.1748450e-02
 6.0550531e-04 4.1218154e-06 1.0739545e-07 9.4308970e-09]"
Test1/Accountant/detected_faces/6796.png,White,Asian,Female,20-29,"[0.34179547 0.01146229 0.2320549  0.17655638 0.04799474 0.10298437
 0.08715194]",[0.22390772 0.11115065 0.5644002  0.10054146],[0.00448987 0.99551016],"[1.9001726e-06 6.5643649e-04 9.4622947e-02 8.1720006e-01 8.5716292e-02
 1.7517920e-03 4.6035591e-05 4.2326051e-06 2.7299970e-07]"
Test1/Accountant/detected_faces/6797.png,White,White,Male,60-69,"[9.9906385e-01 4.9617629e-06 1.1807424e-04 6.9232315e-06 6.2668464e-06
 4.0482496e-06 7.9591549e-04]",[9.9999368e-01 7.2609021e-07 2.4737030e-06 3.1360678e-06],[0.99763256 0.00236736],"[3.2774686e-05 3.7788137e-04 3.8159001e-03 4.9524410e-03 9.6038776e-03
 5.2317593e-02 2.5626203e-01 4.3127155e-01 2.4136598e-01]"
Test1/Accountant/detected_faces/6798.png,White,White,Male,40-49,"[9.1168481e-01 6.9979656e-06 1.1764878e-02 1.0001651e-04 6.7212895e-05
 2.1395188e-04 7.6162107e-02]",[9.9985570e-01 1.5782380e-06 6.5437802e-05 7.7294375e-05],[0.9722711  0.02772892],"[1.2368494e-05 3.9297716e-05 6.1323685e-03 1.5959883e-01 2.1886498e-01
 3.1615323e-01 2.3913315e-01 5.3847093e-02 6.2186816e-03]"
Test1/Accountant/detected_faces/6799.png,White,White,Male,40-49,"[9.8121423e-01 1.9700748e-04 9.1003580e-03 7.5337157e-04 9.6711569e-04
 8.4828422e-04 6.9195256e-03]",[0.9134653  0.00465924 0.00368299 0.07819241],[9.99881506e-01 1.18500546e-04],"[6.3859252e-06 2.2331058e-05 5.9576659e-03 2.1913798e-01 3.1365857e-01
 3.5522133e-01 9.7407006e-02 8.3526913e-03 2.3606903e-04]"
Test1/Accountant/detected_faces/6799_face1.png,White,White,Male,40-49,"[9.6863568e-01 6.3305073e-05 9.9223834e-03 5.9107424e-05 1.1281481e-04
 1.1418012e-03 2.0064965e-02]",[9.9957836e-01 7.4672071e-06 1.3632982e-04 2.7786798e-04],[0.9951596 0.0048404],"[5.2984309e-05 1.2879935e-04 2.6521112e-03 2.1698261e-02 1.1066753e-01
 4.1340193e-01 3.4645265e-01 9.7105183e-02 7.8405673e-03]"
Test1/Accountant/detected_faces/6799_face2.png,White,White,Male,40-49,"[9.3953806e-01 7.5431820e-04 1.9131571e-02 6.0634529e-03 2.5066684e-03
 6.4611610e-04 3.1359795e-02]",[9.9736679e-01 1.4678678e-03 2.4742764e-04 9.1791328e-04],[9.9999344e-01 6.5685217e-06],"[7.7885263e-05 1.3403341e-04 1.3068862e-03 7.2025903e-02 4.1606638e-01
 4.4353789e-01 6.3227184e-02 3.5494624e-03 7.4367141e-05]"
Test1/Accountant/detected_faces/6799_face3.png,White,White,Male,60-69,"[0.46001023 0.00778307 0.16120194 0.22350661 0.1114593  0.01972338
 0.01631556]",[9.68465984e-01 1.15218945e-05 3.09385061e-02 5.84028137e-04],[0.99592644 0.00407355],"[1.1326003e-04 8.0808546e-05 2.0895529e-04 3.1766211e-04 1.7710506e-03
 2.6229544e-02 2.5793728e-01 6.3156772e-01 8.1773780e-02]"
Test1/Accountant/detected_faces/6799_face4.png,White,White,Female,30-39,"[8.7714583e-01 2.3507474e-04 4.7481637e-02 3.5995226e-03 3.2891755e-03
 3.0767338e-03 6.5172076e-02]",[9.9615449e-01 1.9346201e-04 2.6784721e-03 9.7352394e-04],[0.46106628 0.53893375],"[2.09995096e-06 1.27684689e-04 1.48194395e-02 3.40421945e-01
 4.49578166e-01 1.79320604e-01 1.45361647e-02 1.12288760e-03
 7.10378663e-05]"
Test1/Accountant/detected_faces/6799_face5.png,White,White,Male,60-69,"[0.40428376 0.00386175 0.38873714 0.01817824 0.04071445 0.03965948
 0.10456519]",[0.93023413 0.00094016 0.05638831 0.01243741],[0.9901238 0.0098762],"[5.90851705e-05 4.33867244e-05 1.07676155e-04 1.36804374e-04
 1.65280362e-03 1.96870044e-02 1.94605112e-01 5.68452120e-01
 2.15255991e-01]"
Test1/Accountant/detected_faces/6799_face6.png,East Asian,White,Female,40-49,"[0.22117746 0.00763701 0.04673971 0.5433981  0.16083705 0.00472305
 0.01548749]",[0.9624719  0.00803641 0.02405674 0.00543498],[0.4300256 0.5699744],"[2.1733073e-04 9.1450318e-04 1.5114566e-02 1.7410611e-01 2.2826226e-01
 2.4365079e-01 1.6623855e-01 1.3082071e-01 4.0675126e-02]"
Test1/Accountant/detected_faces/6799_face7.png,Indian,Indian,Male,60-69,"[1.0013574e-01 1.0284688e-02 6.3909039e-02 2.5748648e-04 3.5875142e-03
 7.7033991e-01 5.1485546e-02]",[0.3243017  0.00509879 0.00073261 0.66986686],[0.822623   0.17737694],"[7.8811841e-05 2.1524268e-04 9.2630304e-04 7.5067976e-03 1.7849425e-02
 5.8436129e-02 1.3265455e-01 3.9479074e-01 3.8754192e-01]"
Test1/Accountant/detected_faces/6799_face8.png,White,White,Female,30-39,"[8.5131949e-01 4.1999455e-04 8.0305422e-03 3.8281687e-02 7.3074466e-03
 4.5415672e-04 9.4186611e-02]",[8.9625466e-01 3.6530622e-04 9.9865861e-02 3.5140647e-03],[0.15175997 0.84824   ],"[0.10156784 0.03845399 0.01443195 0.15054083 0.20854452 0.20222059
 0.1528014  0.10215507 0.0292838 ]"
Test1/Accountant/detected_faces/6799_face9.png,White,White,Male,30-39,"[8.82711709e-01 1.25128397e-04 1.31116277e-02 2.53093895e-04
 2.68094300e-04 1.73864639e-04 1.03356436e-01]",[9.9183542e-01 2.4636793e-03 7.6412613e-04 4.9367896e-03],[0.99762416 0.00237581],"[5.03117292e-07 1.12840371e-05 1.10621145e-02 3.87111247e-01
 5.29658139e-01 7.00979009e-02 1.98581372e-03 7.06313804e-05
 2.35226071e-06]"
Test1/Accountant/detected_faces/6799_face10.png,Latino_Hispanic,White,Male,40-49,"[0.06277733 0.03117778 0.47547814 0.26707938 0.11609577 0.02482841
 0.02256314]",[0.80117345 0.01435701 0.09954841 0.08492115],[0.59218603 0.40781397],"[3.7722752e-05 8.9021196e-05 1.3039653e-03 9.0357354e-03 8.1403777e-02
 4.4709694e-01 3.7033138e-01 8.7938838e-02 2.7625775e-03]"
Test1/Accountant/detected_faces/6799_face11.png,Middle Eastern,White,Female,20-29,"[0.29044008 0.01551459 0.12867801 0.07917573 0.03054758 0.01077067
 0.4448733 ]",[0.84189606 0.03801242 0.07151508 0.0485764 ],[0.42230237 0.57769763],"[1.3061598e-02 3.0930571e-02 5.3375639e-02 4.2894337e-01 3.6069393e-01
 9.7247601e-02 1.3411427e-02 1.9654734e-03 3.7042567e-04]"
Test1/Accountant/detected_faces/6799_face12.png,White,White,Male,70+,"[0.5648221  0.00955483 0.02886205 0.2114003  0.04892661 0.01096326
 0.12547085]",[0.9311269  0.0192034  0.0428648  0.00680491],[0.9781517  0.02184838],"[7.0176466e-04 4.8673974e-04 7.5523730e-04 2.4012404e-02 3.7083115e-02
 4.6622314e-02 7.4067749e-02 3.1833825e-01 4.9793237e-01]"
Test1/Accountant/detected_faces/6799_face13.png,White,White,Male,40-49,"[9.3485034e-01 1.3286591e-04 2.7750870e-03 2.0142939e-02 1.5824186e-03
 2.2741951e-04 4.0288966e-02]",[9.9594778e-01 8.9927332e-04 1.1697734e-03 1.9831522e-03],[0.8429272  0.15707275],"[1.2481437e-04 7.1775255e-04 1.5593803e-02 2.2619386e-01 1.8210398e-01
 2.3299998e-01 1.7263365e-01 1.1546445e-01 5.4167654e-02]"
Test1/Accountant/detected_faces/6800.png,White,White,Male,20-29,"[8.8305849e-01 6.7137869e-04 2.4587724e-02 8.4631937e-04 6.2645663e-04
 1.9240022e-03 8.8285595e-02]",[9.6275520e-01 2.2395425e-04 3.3846714e-02 3.1740845e-03],[0.66204435 0.33795568],"[2.73838650e-05 1.50466978e-03 1.08006105e-01 7.11373031e-01
 1.63181409e-01 1.45023474e-02 1.15266361e-03 2.08491037e-04
 4.38890384e-05]"
Test1/Accountant/detected_faces/6800_face1.png,White,White,Male,30-39,"[0.3768368  0.08931218 0.02964104 0.11297887 0.01631658 0.03363593
 0.34127858]",[0.77493197 0.08906099 0.12706357 0.00894346],[0.78035855 0.21964143],"[0.00079834 0.00450309 0.04000448 0.29404497 0.37868172 0.17387669
 0.07913512 0.02366862 0.00528703]"
Test1/Accountant/detected_faces/6802.png,White,White,Male,60-69,"[8.67597401e-01 1.56517184e-04 2.14027613e-02 8.32362100e-04
 7.24474026e-04 4.52648150e-03 1.04759954e-01]",[9.8603386e-01 1.9789017e-04 6.7676761e-04 1.3091445e-02],[9.999615e-01 3.851404e-05],"[2.1633294e-05 1.1847880e-05 1.7144956e-04 1.2898417e-04 9.9774299e-04
 1.5813200e-02 3.8342035e-01 5.7412571e-01 2.5309043e-02]"
Test1/Accountant/detected_faces/6803.png,Latino_Hispanic,White,Male,30-39,"[0.23851076 0.00878873 0.33200192 0.00145053 0.00360606 0.22655332
 0.18908864]",[0.75217557 0.03533415 0.0068533  0.20563695],[1.0000000e+00 2.4558277e-08],"[8.3606800e-08 1.9763806e-06 4.0319236e-04 4.7095490e-01 5.1326108e-01
 1.5303087e-02 7.5037322e-05 6.5960450e-07 7.6567064e-09]"
Test1/Accountant/detected_faces/6804.png,White,White,Male,40-49,"[8.9896685e-01 2.6374899e-02 2.6543584e-02 4.1319709e-04 7.2438316e-04
 2.2006532e-02 2.4970530e-02]",[0.80103505 0.07011661 0.0409742  0.0878741 ],[0.99710196 0.00289807],"[2.5306639e-05 6.1639992e-05 3.3914659e-03 1.1755205e-01 2.6411718e-01
 2.8542194e-01 2.6186877e-01 6.0885154e-02 6.6764234e-03]"
Test1/Accountant/detected_faces/6805.png,Latino_Hispanic,White,Male,50-59,"[0.3278186  0.05033489 0.43749622 0.03538497 0.06383267 0.06402649
 0.02110616]",[0.6673455  0.12490403 0.02707493 0.18067554],[0.79548436 0.20451562],"[1.6979856e-04 4.2115556e-04 1.9061567e-03 9.2062848e-03 5.1263396e-02
 2.9198909e-01 4.2859367e-01 1.9220020e-01 2.4250271e-02]"
Test1/Accountant/detected_faces/6806.png,White,White,Female,20-29,"[9.9787319e-01 2.7567623e-07 8.4781088e-04 7.9857753e-05 1.9844290e-05
 6.5243971e-06 1.1725323e-03]",[9.9969959e-01 6.6448138e-06 7.7077435e-05 2.1662901e-04],[0.01203613 0.98796386],"[2.1626063e-08 3.0709936e-05 1.3507470e-01 8.2694697e-01 3.7503347e-02
 4.4365515e-04 6.1524543e-07 6.9270709e-09 2.2559393e-10]"
Test1/Accountant/detected_faces/6807.png,White,White,Male,30-39,"[9.9744552e-01 8.3276127e-06 3.4274909e-04 2.4291141e-05 1.2228419e-05
 5.4839045e-05 2.1120755e-03]",[9.9485528e-01 5.0417690e-05 2.1469116e-04 4.8796129e-03],[9.993026e-01 6.973501e-04],"[2.2487925e-06 1.3397460e-05 1.9170862e-03 2.1974920e-01 4.9601224e-01
 2.3495767e-01 4.5006182e-02 2.2437570e-03 9.8204822e-05]"
Test1/Accountant/detected_faces/6808.png,White,White,Male,50-59,"[9.5449764e-01 5.2977464e-04 1.1367977e-02 5.0737802e-03 4.5142984e-03
 3.9983871e-03 2.0018032e-02]",[9.8533493e-01 1.6999278e-04 1.4236484e-02 2.5859533e-04],[0.99703044 0.00296962],"[1.5626145e-04 1.4994663e-04 2.2924533e-03 1.6001752e-02 6.4027481e-02
 2.4147323e-01 4.5185167e-01 2.0416895e-01 1.9878276e-02]"
Test1/Accountant/detected_faces/6809.png,White,White,Male,20-29,"[8.1308246e-01 3.9866654e-04 4.4884641e-02 5.4328296e-02 9.8223863e-03
 1.1195791e-03 7.6364048e-02]",[7.1929377e-01 1.3117472e-04 2.7936655e-01 1.2084690e-03],[0.99301803 0.00698201],"[4.0757455e-05 9.3815237e-04 1.2587188e-01 7.2948116e-01 1.1973197e-01
 1.9511221e-02 3.2452906e-03 1.0397342e-03 1.3976105e-04]"
Test1/Accountant/detected_faces/6810.png,White,White,Male,60-69,"[9.5128351e-01 2.5357615e-04 3.3247914e-02 1.8230133e-04 2.8893616e-04
 9.6983113e-04 1.3773936e-02]",[9.9527568e-01 4.0050119e-04 3.6728550e-03 6.5096316e-04],[0.8234032  0.17659687],"[1.5315611e-04 6.6086958e-04 7.6521141e-03 1.9791065e-02 3.5869785e-02
 9.7403109e-02 3.2265079e-01 3.5939288e-01 1.5642624e-01]"
Test1/Accountant/detected_faces/6811.png,White,White,Male,20-29,"[9.5250136e-01 2.2762027e-02 1.9649863e-02 1.1541243e-03 4.6015056e-04
 9.7246311e-04 2.4999238e-03]",[0.97728187 0.01942826 0.00117785 0.00211198],[0.7441088  0.25589114],"[2.8132042e-06 1.3466575e-04 2.5211209e-02 6.5765750e-01 2.8790814e-01
 2.7203834e-02 1.7478515e-03 1.1698435e-04 1.6996823e-05]"
Test1/Accountant/detected_faces/6812.png,White,White,Male,20-29,"[7.5718719e-01 5.1275978e-04 5.8855910e-02 1.5613866e-02 9.0567283e-03
 1.6136060e-02 1.4263749e-01]",[0.83975405 0.01087471 0.01723485 0.1321364 ],[9.999992e-01 7.722211e-07],"[3.6208789e-07 7.8755502e-06 6.8599493e-03 7.7208495e-01 2.1558496e-01
 5.4076123e-03 5.2472482e-05 1.7368570e-06 3.9510798e-08]"
Test1/Accountant/detected_faces/6813.png,White,White,Female,20-29,"[0.7400056  0.00407115 0.05673135 0.07858854 0.01217338 0.00872636
 0.09970367]",[0.6500903  0.00277706 0.33742732 0.00970544],[0.42170426 0.5782957 ],"[4.66891470e-06 8.17316002e-04 1.45955175e-01 7.30441272e-01
 1.16759986e-01 5.69197536e-03 2.93113058e-04 3.26015870e-05
 3.89655133e-06]"
Test1/Accountant/detected_faces/6814.png,White,White,Male,20-29,"[7.9386455e-01 5.1763676e-05 5.8503922e-02 7.8353928e-03 5.1494725e-03
 1.4866060e-03 1.3310824e-01]",[9.8773748e-01 1.1153691e-05 9.5647154e-03 2.6866465e-03],[9.997272e-01 2.728129e-04],"[1.6591763e-07 2.3358207e-05 3.4147706e-02 8.7262571e-01 8.9114010e-02
 4.0195389e-03 6.7721507e-05 1.7673104e-06 5.1347584e-08]"
Test1/Accountant/detected_faces/6815.png,White,White,Male,20-29,"[8.0069357e-01 1.8634229e-04 5.2026879e-02 7.2058900e-03 3.4558044e-03
 2.1335022e-03 1.3429804e-01]",[9.9969250e-01 5.5955315e-06 1.0215991e-04 1.9975066e-04],[1.0000000e+00 1.4323623e-08],"[4.8727657e-07 2.6517757e-05 5.6183571e-03 7.1612906e-01 2.7525461e-01
 2.9632084e-03 7.5309031e-06 1.7165398e-07 2.4160018e-09]"
Test1/Accountant/detected_faces/6816.png,White,White,Male,20-29,"[9.5884448e-01 3.3558681e-05 2.2318590e-02 1.5625004e-03 1.0556360e-03
 2.2190793e-04 1.5963323e-02]",[9.9661416e-01 8.2271098e-04 1.9475175e-03 6.1559875e-04],[1.0000000e+00 4.5713997e-09],"[3.1199515e-06 3.0187186e-04 6.9690637e-02 6.1691177e-01 2.9257795e-01
 2.0212457e-02 2.9795771e-04 4.2477168e-06 3.8543789e-08]"
Test1/Accountant/detected_faces/6817.png,White,White,Male,40-49,"[9.9876994e-01 8.9115580e-05 3.5252745e-04 6.1081890e-05 8.4028565e-05
 2.2627380e-04 4.1708280e-04]",[9.98948455e-01 4.10765439e-04 1.08011314e-04 5.32774837e-04],[9.9998498e-01 1.4996597e-05],"[9.9412646e-06 1.8860375e-05 2.2198232e-04 3.2516879e-03 6.9777444e-02
 5.0845134e-01 3.9492917e-01 2.2244915e-02 1.0947207e-03]"
Test1/Accountant/detected_faces/6818.png,White,White,Male,30-39,"[5.1177526e-01 5.5512454e-04 1.0814936e-01 9.2601120e-05 1.9935798e-04
 4.3129763e-03 3.7491533e-01]",[9.6567690e-01 3.9046863e-04 2.0719183e-04 3.3725537e-02],[9.9999964e-01 3.4820786e-07],"[7.7365185e-06 6.8402143e-05 1.4445772e-02 2.4769801e-01 5.6728619e-01
 1.6416565e-01 6.1968905e-03 1.3009149e-04 1.1755246e-06]"
Test1/Accountant/detected_faces/6819.png,White,White,Male,30-39,"[0.73542804 0.00222792 0.09985677 0.00893798 0.00580719 0.03447837
 0.11326373]",[0.98543227 0.00098747 0.00580568 0.00777455],[9.9999946e-01 5.0791414e-07],"[2.9960256e-06 1.9490624e-05 5.6555443e-03 3.9347935e-01 5.3139973e-01
 6.7494400e-02 1.9179895e-03 3.0143696e-05 3.7245113e-07]"
Test1/Accountant/detected_faces/6820.png,White,White,Male,30-39,"[8.62317324e-01 1.03129400e-03 8.91141593e-03 1.03629405e-04
 1.96347260e-04 1.82716490e-03 1.25612825e-01]",[9.9545777e-01 4.1976257e-04 8.1852246e-05 4.0405681e-03],[0.9662187  0.03378128],"[2.4754912e-04 7.6403108e-04 1.0220250e-02 2.5655922e-01 4.4004288e-01
 2.2336471e-01 5.8969729e-02 8.6499052e-03 1.1817818e-03]"
Test1/Accountant/detected_faces/6821.png,White,White,Male,20-29,"[0.7106598  0.00121239 0.16930065 0.04450363 0.0402764  0.00087128
 0.0331758 ]",[9.7085863e-01 8.9458731e-04 2.6707634e-02 1.5391525e-03],[9.9999976e-01 1.8239062e-07],"[2.4424162e-06 8.6001215e-05 2.8199852e-02 5.3826630e-01 3.9516664e-01
 3.6972504e-02 1.2734313e-03 3.2418906e-05 3.5469006e-07]"
Test1/Accountant/detected_faces/6822.png,White,White,Female,20-29,"[9.90652919e-01 7.03576120e-07 9.94908740e-04 5.93072909e-05
 1.99733895e-05 1.29205055e-05 8.25931877e-03]",[9.9950767e-01 1.8211111e-05 2.0047642e-04 2.7369760e-04],[0.02287645 0.9771235 ],"[2.3020492e-07 2.9754138e-04 2.4890783e-01 7.1784955e-01 3.2271408e-02
 6.7041506e-04 2.9587197e-06 6.1858202e-08 2.5147748e-09]"
Test1/Accountant/detected_faces/6822_face1.png,White,White,Male,50-59,"[9.2201519e-01 3.9062556e-04 1.1116998e-02 5.8588730e-06 3.0890173e-05
 1.1378280e-02 5.5062197e-02]",[9.1787475e-01 1.4235281e-02 1.8270595e-04 6.7707226e-02],[0.99834996 0.00165006],"[2.5339623e-05 1.2856684e-05 1.8935923e-04 3.0099750e-03 3.8280472e-02
 1.8186584e-01 5.7818240e-01 1.8148194e-01 1.6951874e-02]"
Test1/Accountant/detected_faces/6822_face2.png,White,White,Male,30-39,"[9.8496461e-01 5.7485436e-06 6.3157541e-04 1.1919703e-04 4.9842009e-05
 5.8798123e-05 1.4170190e-02]",[9.7982353e-01 5.4199481e-04 1.6843924e-02 2.7905663e-03],[0.6152791  0.38472095],"[3.6929335e-04 2.1418473e-03 6.1307768e-03 1.4013635e-01 5.2841240e-01
 2.7835152e-01 4.0688217e-02 2.8892786e-03 8.8027981e-04]"
Test1/Accountant/detected_faces/6823.png,White,White,Male,30-39,"[9.1489726e-01 2.5491041e-04 2.4382126e-02 8.9730608e-04 7.1165356e-04
 3.2874073e-03 5.5569235e-02]",[9.9847072e-01 2.2462395e-05 3.0881804e-04 1.1979907e-03],[9.9999213e-01 7.9119536e-06],"[4.4883700e-07 5.3619206e-06 3.5476757e-03 3.1271923e-01 5.7522893e-01
 1.0425109e-01 4.1845464e-03 6.1754807e-05 9.7783652e-07]"
Test1/Accountant/detected_faces/6824.png,White,White,Male,20-29,"[8.9587098e-01 2.6808599e-05 1.2961463e-02 6.4173905e-04 4.6979173e-04
 4.5065316e-03 8.5522749e-02]",[9.7965682e-01 1.1472341e-04 1.4117434e-04 2.0087302e-02],[9.9999869e-01 1.3034357e-06],"[7.4741308e-07 7.0907983e-05 7.4777980e-03 7.4300665e-01 2.4596812e-01
 3.4667265e-03 8.8875886e-06 1.0577264e-07 1.7912629e-09]"
Test1/Accountant/detected_faces/6825.png,East Asian,Asian,Male,20-29,"[6.9830823e-03 2.1963329e-05 2.8798389e-03 9.0274078e-01 8.6281687e-02
 1.6882656e-04 9.2391798e-04]",[3.4690583e-03 6.4894382e-05 9.9215651e-01 4.3095564e-03],[1.000000e+00 3.862305e-09],"[1.40340262e-07 1.14327777e-05 9.87387262e-03 8.16360950e-01
 1.71326280e-01 2.39443290e-03 3.14469326e-05 1.44991429e-06
 1.17421886e-08]"
Test1/Accountant/detected_faces/6826.png,White,White,Male,20-29,"[0.5909573  0.0015703  0.02204927 0.00558919 0.00212728 0.00304398
 0.37466273]",[0.648181   0.00563957 0.33583114 0.01034828],[0.8836635 0.1163365],"[3.3368135e-04 4.4716652e-03 6.0335398e-02 4.1935584e-01 3.4162828e-01
 1.2299097e-01 4.1113030e-02 7.3678871e-03 2.4032961e-03]"
Test1/Accountant/detected_faces/6826_face1.png,White,Asian,Male,20-29,"[0.58788365 0.00717189 0.08568734 0.17331536 0.03290806 0.00598722
 0.10704655]",[0.4781938  0.01355049 0.49172312 0.01653255],[0.748281   0.25171897],"[2.0368848e-04 1.6462138e-02 3.1537226e-01 4.5954296e-01 1.8167612e-01
 2.3434069e-02 2.7390360e-03 4.7200880e-04 9.7664270e-05]"
Test1/Accountant/detected_faces/6826_face2.png,White,White,Female,20-29,"[9.7243500e-01 1.9027780e-04 3.0061253e-03 1.3116030e-03 3.8431614e-04
 5.1482313e-04 2.2157943e-02]",[9.5615333e-01 1.7976151e-04 4.3163285e-02 5.0362415e-04],[0.29039738 0.7096026 ],"[3.7925338e-04 1.6605200e-02 1.6403371e-01 6.2673765e-01 1.7024690e-01
 1.9305183e-02 2.0283351e-03 4.2632030e-04 2.3751240e-04]"
Test1/Accountant/detected_faces/6826_face3.png,White,White,Male,20-29,"[0.81225824 0.01328254 0.05026969 0.0809537  0.01066064 0.00741484
 0.02516031]",[0.631164   0.01872552 0.20101465 0.14909585],[0.7450888  0.25491112],"[2.0127595e-04 2.3200050e-02 3.0867672e-01 5.9202343e-01 7.1997762e-02
 3.6223361e-03 2.4941083e-04 2.4551071e-05 4.4587077e-06]"
Test1/Accountant/detected_faces/6826_face4.png,White,White,Female,20-29,"[0.8440533  0.00852178 0.07104388 0.0145163  0.0057749  0.00329541
 0.05279445]",[0.6482303  0.01545296 0.31840718 0.01790959],[0.2971203  0.70287967],"[6.5094191e-06 1.6565130e-04 3.3611290e-02 5.2052087e-01 3.9743331e-01
 4.4327565e-02 3.6900942e-03 2.2884540e-04 1.5946831e-05]"
Test1/Accountant/detected_faces/6826_face5.png,White,Asian,Male,20-29,"[0.7432461  0.02078894 0.07607437 0.11636898 0.01038203 0.00377429
 0.02936523]",[4.0451685e-01 4.6789167e-03 5.9034663e-01 4.5750575e-04],[0.8659072  0.13409281],"[0.00111187 0.01057096 0.16678803 0.34204587 0.2730049  0.15096278
 0.04765677 0.00673321 0.00112563]"
Test1/Accountant/detected_faces/6826_face6.png,White,Asian,Female,20-29,"[9.49236691e-01 9.13831755e-04 1.36447335e-02 1.21002635e-02
 1.25044363e-03 8.72845587e-04 2.19811276e-02]",[2.6718277e-01 7.1616560e-05 7.3235273e-01 3.9284208e-04],[0.30661142 0.6933886 ],"[2.9221203e-04 1.2033484e-02 1.8366310e-01 6.1477560e-01 1.6229150e-01
 2.3387289e-02 3.0652399e-03 4.0535262e-04 8.6237866e-05]"
Test1/Accountant/detected_faces/6826_face7.png,White,White,Male,20-29,"[0.9146974  0.00191359 0.01300265 0.00752237 0.00165381 0.00240233
 0.05880791]",[0.9032851  0.00345374 0.07471377 0.0185474 ],[0.5312413  0.46875873],"[3.1845557e-04 3.2042724e-03 7.5368553e-02 4.9568197e-01 2.9780707e-01
 9.6911050e-02 2.5984095e-02 3.8091978e-03 9.1537129e-04]"
Test1/Accountant/detected_faces/6826_face8.png,White,White,Female,20-29,"[8.86824727e-01 5.11534046e-03 2.69211177e-02 5.84976226e-02
 1.38680665e-02 5.29953279e-04 8.24306346e-03]",[0.81370556 0.00156168 0.17933084 0.00540191],[0.03537364 0.9646263 ],"[1.5611344e-05 5.5846972e-03 1.7867474e-01 7.5363743e-01 6.1179526e-02
 8.8750082e-04 1.9386687e-05 9.3643888e-07 1.3726712e-07]"
Test1/Accountant/detected_faces/6826_face9.png,White,Asian,Male,20-29,"[0.8020882  0.01272834 0.0898151  0.03774086 0.00706953 0.00299393
 0.04756403]",[0.2759184  0.0045463  0.7158851  0.00365018],[0.7370761  0.26292387],"[5.50722361e-05 1.62275811e-03 1.10114835e-01 5.05840302e-01
 2.91562587e-01 7.89086893e-02 1.06230993e-02 1.08258310e-03
 1.90072344e-04]"
Test1/Accountant/detected_faces/6826_face10.png,White,White,Female,20-29,"[0.6287519  0.01759737 0.21526761 0.05277588 0.01339078 0.00943157
 0.06278487]",[0.82773906 0.00671568 0.12906829 0.03647697],[0.0065328 0.9934672],"[1.99184815e-05 7.01068342e-03 1.22861125e-01 7.94746399e-01
 7.34839961e-02 1.83329813e-03 3.99790333e-05 3.86381498e-06
 6.77656942e-07]"
Test1/Accountant/detected_faces/6826_face11.png,White,White,Female,20-29,"[0.7780713  0.00465104 0.05900323 0.01705321 0.00445432 0.00723745
 0.12952939]",[9.4706476e-01 7.4875320e-04 4.3863267e-02 8.3232969e-03],[0.3786067  0.62139326],"[1.4227914e-04 3.4505883e-03 6.0823623e-02 5.4764062e-01 3.1664881e-01
 5.9627756e-02 9.7220829e-03 1.6292691e-03 3.1496366e-04]"
Test1/Accountant/detected_faces/6826_face12.png,White,White,Female,20-29,"[0.81613016 0.00270344 0.03998492 0.05524226 0.00790524 0.00570394
 0.07233005]",[0.8269815  0.00544826 0.15790161 0.00966867],[0.30163944 0.6983605 ],"[8.9555499e-05 9.4410814e-03 2.2246839e-01 6.4930058e-01 1.1318204e-01
 5.1567685e-03 3.3315708e-04 2.5337215e-05 3.1083475e-06]"
Test1/Accountant/detected_faces/6826_face13.png,White,White,Female,20-29,"[0.9261827  0.01128583 0.03363673 0.00435623 0.0014942  0.00187292
 0.02117142]",[9.8427474e-01 2.8789211e-03 1.2256824e-02 5.8956363e-04],[0.08858591 0.9114141 ],"[4.1849737e-05 2.9351613e-03 1.0086121e-01 6.8858886e-01 1.9585204e-01
 1.0921382e-02 6.9029815e-04 8.7116307e-05 2.2065768e-05]"
Test1/Accountant/detected_faces/6826_face14.png,White,Asian,Male,20-29,"[0.78742397 0.00224615 0.04611383 0.07063001 0.01398946 0.00314953
 0.07644713]",[3.6203024e-01 2.2001118e-04 6.3641465e-01 1.3351693e-03],[0.79534894 0.20465103],"[3.4331100e-05 4.7845344e-04 4.1775566e-02 5.1852888e-01 3.6468902e-01
 6.8861023e-02 5.2721957e-03 3.2766309e-04 3.2840031e-05]"
Test1/Accountant/detected_faces/6826_face15.png,East Asian,Asian,Male,20-29,"[0.31202275 0.10924055 0.11942811 0.33403772 0.07549254 0.0062286
 0.04354976]",[0.27007273 0.04567576 0.68143904 0.00281238],[0.6302681  0.36973193],"[2.2084430e-04 1.3762946e-02 1.8606947e-01 6.2667316e-01 1.5411405e-01
 1.6493909e-02 2.1144995e-03 4.1281027e-04 1.3833196e-04]"
Test1/Accountant/detected_faces/6826_face16.png,White,Asian,Female,20-29,"[0.5159966  0.01270926 0.02602541 0.38403648 0.032902   0.00444582
 0.02388446]",[0.1444194  0.02929297 0.82498866 0.00129903],[0.21385166 0.7861483 ],"[4.8178774e-03 3.8751945e-02 1.5580097e-01 6.1119229e-01 1.6535801e-01
 2.0687850e-02 2.6577548e-03 5.7836296e-04 1.5488501e-04]"
Test1/Accountant/detected_faces/6827.png,White,White,Male,30-39,"[0.6227643  0.00083741 0.06335063 0.00067898 0.00080736 0.08764642
 0.22391495]",[9.1101676e-01 1.5112668e-03 1.5312490e-04 8.7318875e-02],[9.9932474e-01 6.7530904e-04],"[2.7456690e-04 1.2381008e-03 1.0509383e-02 1.4384165e-01 5.7907081e-01
 2.3382258e-01 2.9822703e-02 1.3862428e-03 3.3939054e-05]"
Test1/Accountant/detected_faces/6828.png,White,White,Male,20-29,"[9.9379689e-01 2.0449243e-06 1.0349959e-03 7.2583156e-05 5.0565581e-05
 9.0460810e-05 4.9523977e-03]",[9.996823e-01 4.576941e-06 5.025512e-05 2.628167e-04],[9.9999875e-01 1.2258627e-06],"[6.8814344e-08 6.1257069e-06 7.4792770e-03 8.4834719e-01 1.4236179e-01
 1.7982837e-03 7.1239288e-06 7.4974963e-08 1.4963570e-09]"
Test1/Accountant/detected_faces/6829.png,East Asian,Asian,Female,10-19,"[0.28712922 0.002881   0.19954422 0.3659653  0.03120995 0.02182221
 0.09144802]",[0.00352758 0.00109386 0.99420494 0.00117359],[0.00202759 0.99797237],"[5.5366277e-06 3.1305078e-02 4.9945721e-01 4.6425357e-01 4.9424125e-03
 3.5893092e-05 3.0325981e-07 2.8678929e-08 6.0206222e-09]"
Test1/Accountant/detected_faces/6830.png,White,White,Male,50-59,"[0.8410908  0.00395974 0.07052155 0.00585547 0.00741857 0.00713343
 0.06402041]",[0.8458826  0.0098558  0.12970331 0.01455832],[9.990257e-01 9.743211e-04],"[2.0430129e-05 1.4445797e-05 6.3803187e-04 1.9549694e-02 9.1660462e-02
 3.3100832e-01 4.4841918e-01 1.0448538e-01 4.2040464e-03]"
Test1/Accountant/detected_faces/6831.png,White,White,Male,40-49,"[9.9559718e-01 1.2254638e-06 2.2907394e-03 6.5296696e-04 3.3620448e-04
 3.3647753e-04 7.8518584e-04]",[9.8602504e-01 4.1829466e-05 1.0704567e-02 3.2285671e-03],[9.9995947e-01 4.0520801e-05],"[1.5920094e-05 5.8635884e-05 1.8174673e-03 7.0900563e-03 1.3843192e-01
 5.8264858e-01 2.6466328e-01 5.2372543e-03 3.6870246e-05]"
Test1/Accountant/detected_faces/6832.png,Latino_Hispanic,White,Female,70+,"[0.33338144 0.00419385 0.35183275 0.00302859 0.01090815 0.18262959
 0.11402567]",[0.53598875 0.00110976 0.03237436 0.43052715],[0.1411964  0.85880363],"[8.8000270e-06 6.2722320e-05 3.0411652e-04 7.0464017e-04 2.4117073e-03
 9.0259472e-03 3.4460418e-02 2.7241063e-01 6.8061101e-01]"
Test1/Accountant/detected_faces/6832_face1.png,White,Asian,Female,20-29,"[9.0260357e-01 8.8699620e-05 8.8946456e-03 5.9067987e-02 1.8993128e-02
 2.4227396e-04 1.0109706e-02]",[2.1920022e-01 1.0627934e-03 7.7897650e-01 7.6040463e-04],[0.00167007 0.9983299 ],"[9.2388876e-03 8.6291254e-02 4.1372400e-02 5.4874766e-01 2.6167637e-01
 4.8035253e-02 3.7592158e-03 6.9465913e-04 1.8419304e-04]"
Test1/Accountant/detected_faces/6833.png,White,White,Male,50-59,"[9.6771592e-01 6.1383427e-05 7.5183725e-03 3.5597728e-05 7.5818076e-05
 2.8935734e-03 2.1699296e-02]",[9.9883151e-01 2.4503626e-05 7.1376868e-05 1.0726399e-03],[9.9964625e-01 3.5376844e-04],"[1.9091078e-04 4.5423413e-04 3.9462280e-03 1.1210806e-03 7.8655528e-03
 1.1372199e-01 6.5568089e-01 2.0637353e-01 1.0645556e-02]"
Test1/Accountant/detected_faces/6834.png,East Asian,Black,Female,40-49,"[0.13294387 0.05731153 0.259724   0.44345155 0.05046861 0.03224673
 0.02385357]",[0.11805207 0.45439047 0.0269996  0.4005579 ],[0.47958475 0.52041525],"[8.7348371e-06 1.4267127e-04 4.7801719e-03 1.3996504e-01 2.2407752e-01
 2.8904048e-01 2.5303432e-01 8.3625585e-02 5.3253500e-03]"
Test1/Accountant/detected_faces/6835.png,White,White,Male,30-39,"[9.4241661e-01 2.5110094e-05 1.9621354e-02 1.5458870e-02 3.8605749e-03
 9.0422423e-04 1.7713439e-02]",[9.9160695e-01 1.4665266e-04 2.3022234e-03 5.9442618e-03],[9.9999994e-01 9.6621058e-08],"[4.0643686e-06 1.4660032e-04 1.6350398e-02 4.0673518e-01 5.3507280e-01
 4.1203726e-02 4.8170474e-04 5.3907847e-06 4.0683084e-08]"
Test1/Accountant/detected_faces/6836.png,East Asian,Asian,Male,40-49,"[0.06629516 0.00061036 0.24076249 0.55151    0.10948256 0.02564151
 0.00569787]",[0.38542724 0.00296157 0.5831742  0.02843693],[9.9999046e-01 9.5496625e-06],"[1.17473619e-05 3.52257994e-05 2.12679664e-03 2.61281729e-02
 3.87367964e-01 4.56526756e-01 1.21395156e-01 6.36033667e-03
 4.78400434e-05]"
Test1/Accountant/detected_faces/6837.png,White,White,Male,50-59,"[9.9442029e-01 1.4032181e-05 2.6031549e-03 4.2053231e-05 2.5251080e-05
 2.0147490e-04 2.6935844e-03]",[9.9967963e-01 3.5756220e-06 1.2644324e-04 1.9038624e-04],[9.9919760e-01 8.0244744e-04],"[2.5124225e-05 1.0325278e-05 1.1129368e-04 1.2803948e-04 1.5425791e-03
 3.2966580e-02 5.2429128e-01 4.1495144e-01 2.5973404e-02]"
Test1/Accountant/detected_faces/6838.png,East Asian,White,Male,20-29,"[0.45391205 0.0094458  0.01748367 0.466705   0.04045355 0.00108104
 0.01091884]",[6.6229033e-01 1.2261069e-03 3.3601800e-01 4.6559982e-04],[0.93909574 0.06090424],"[3.0145380e-05 5.4904474e-03 2.8024510e-01 6.0810530e-01 9.9249564e-02
 6.2389220e-03 5.7164568e-04 6.0431215e-05 8.4304220e-06]"
Test1/Accountant/detected_faces/6839.png,White,White,Male,20-29,"[9.9747014e-01 1.3445724e-06 1.7420764e-04 1.2827614e-04 7.3358278e-05
 1.6310867e-05 2.1363483e-03]",[9.9898940e-01 6.8744866e-06 4.7442687e-04 5.2941416e-04],[9.9999565e-01 4.3317496e-06],"[4.7900227e-07 1.3609454e-05 3.7922952e-03 7.3475409e-01 2.5562254e-01
 5.7782433e-03 3.8253911e-05 5.3344655e-07 2.1384659e-08]"
Test1/Accountant/detected_faces/6840.png,White,White,Male,20-29,"[5.2532530e-01 2.6678509e-04 1.1572560e-02 1.0815220e-04 2.0181497e-04
 4.5990562e-03 4.5792627e-01]",[0.99022907 0.00187713 0.00456396 0.00332979],[0.50226897 0.49773103],"[4.7294441e-05 4.6351209e-04 2.7151214e-02 3.2597664e-01 2.5102004e-01
 1.8676364e-01 1.5789281e-01 4.2512212e-02 8.1727505e-03]"
Test1/Accountant/detected_faces/6841.png,Indian,Asian,Male,20-29,"[0.13738647 0.05771147 0.11460598 0.02791083 0.06855753 0.5253308
 0.06849695]",[0.05512011 0.01906368 0.48964658 0.4361696 ],[0.8191013  0.18089867],"[4.6978668e-05 6.6110893e-04 9.7700218e-03 4.7910249e-01 2.3984063e-01
 9.5282093e-02 2.8137477e-02 5.1096361e-02 9.6062884e-02]"
Test1/Accountant/detected_faces/6842.png,White,White,Female,20-29,"[0.6740183  0.00224622 0.25942644 0.00780768 0.00267174 0.00730789
 0.04652173]",[0.9436152  0.0173783  0.01456086 0.02444565],[0.27456185 0.7254381 ],"[1.5638770e-05 2.6821489e-03 2.2176754e-01 7.0038068e-01 7.3699810e-02
 1.4314738e-03 2.1317483e-05 1.3173317e-06 9.2643390e-08]"
Test1/Accountant/detected_faces/6843.png,Indian,Indian,Male,60-69,"[0.01951835 0.05108093 0.2837309  0.00514822 0.09794175 0.5260428
 0.01653694]",[0.06209327 0.07608598 0.08175699 0.78006375],[9.9982953e-01 1.7049228e-04],"[0.00078285 0.00246807 0.00423296 0.00123362 0.00265008 0.03275362
 0.22655629 0.6445192  0.08480337]"
Test1/Accountant/detected_faces/6844.png,White,White,Male,20-29,"[0.5800936  0.01640045 0.23890181 0.00166989 0.00203226 0.02643901
 0.13446298]",[0.9773569  0.00113651 0.00485913 0.01664755],[0.83884966 0.16115035],"[1.0795700e-05 5.6202840e-03 3.4162027e-01 5.9151322e-01 5.7563458e-02
 3.4577276e-03 1.9230683e-04 2.0174553e-05 1.8307352e-06]"
Test1/Accountant/detected_faces/6845.png,White,White,Male,30-39,"[8.5346115e-01 3.3149842e-04 5.2184891e-02 7.0547212e-05 1.1509587e-04
 6.8344716e-03 8.7002434e-02]",[9.9486482e-01 3.9135947e-04 2.5876044e-04 4.4850484e-03],[9.9985075e-01 1.4927289e-04],"[1.3802485e-06 1.4375484e-05 1.3381212e-03 4.7194079e-01 5.1213932e-01
 1.4493155e-02 7.1831513e-05 1.0732525e-06 3.8896381e-08]"
Test1/Accountant/detected_faces/6846.png,White,Asian,Male,20-29,"[0.7177168  0.00479377 0.03371393 0.2015345  0.03579457 0.00178895
 0.0046575 ]",[1.3671729e-01 9.0070145e-04 8.6216205e-01 2.1995220e-04],[0.79117876 0.20882124],"[3.8143000e-05 7.1364529e-03 2.7273875e-01 6.8824995e-01 3.1242119e-02
 5.7162752e-04 1.8734532e-05 3.1867264e-06 1.0751257e-06]"
Test1/Accountant/detected_faces/6847.png,White,White,Male,60-69,"[5.9143412e-01 2.5412865e-04 1.4170821e-01 6.2186592e-03 2.1618707e-03
 3.0096483e-03 2.5521341e-01]",[9.7568715e-01 2.5338080e-05 1.9994384e-02 4.2930818e-03],[9.9996132e-01 3.8672068e-05],"[1.5141545e-05 4.4435601e-06 1.6600079e-05 5.6575695e-06 8.0374579e-05
 3.5948842e-03 2.3933944e-01 7.0952052e-01 4.7422908e-02]"
Test1/Accountant/detected_faces/6848.png,White,White,Female,20-29,"[8.1783611e-01 7.3653065e-02 6.1875749e-02 2.0266161e-03 6.0995383e-04
 7.5099217e-03 3.6488589e-02]",[0.7612146  0.21771944 0.01131891 0.009747  ],[0.24066791 0.75933206],"[2.0129783e-06 4.3509970e-04 7.5355001e-02 7.6763636e-01 1.5290818e-01
 3.5158088e-03 1.3381381e-04 1.2146494e-05 1.6298360e-06]"
Test1/Accountant/detected_faces/6849.png,White,White,Male,50-59,"[9.5843005e-01 3.8464052e-05 6.7118942e-03 5.8715377e-06 2.3089275e-05
 6.5242779e-04 3.4138288e-02]",[9.9853498e-01 3.1021722e-05 8.5585554e-05 1.3483606e-03],[0.95720845 0.04279156],"[2.5308534e-06 7.0878946e-06 3.5703692e-04 3.2829903e-03 1.0109066e-02
 6.0047247e-02 4.0509266e-01 3.5290366e-01 1.6819772e-01]"
Test1/Accountant/detected_faces/6850.png,White,White,Male,50-59,"[9.7786552e-01 3.1741982e-04 6.2796399e-03 6.8028080e-03 3.6456238e-03
 1.0876739e-03 4.0012053e-03]",[9.8596793e-01 1.6007110e-04 1.3498487e-02 3.7352461e-04],[9.9978381e-01 2.1619615e-04],"[1.4278003e-05 1.6926595e-05 6.8517332e-04 1.8056782e-02 6.8914436e-02
 2.9743561e-01 4.4896603e-01 1.5831572e-01 7.5951600e-03]"
Test1/Accountant/detected_faces/6851.png,White,White,Male,50-59,"[8.2117701e-01 2.3234483e-04 1.3713904e-01 9.1744791e-04 1.2379424e-03
 6.5266425e-03 3.2769687e-02]",[9.9156970e-01 2.5434131e-04 5.5386960e-03 2.6372557e-03],[0.99790627 0.00209376],"[1.1581908e-04 7.8993544e-05 8.8128413e-04 2.4975231e-04 3.6668163e-03
 6.6566847e-02 5.8125609e-01 3.3776537e-01 9.4189411e-03]"
Test1/Accountant/detected_faces/6852.png,White,White,Female,20-29,"[9.6171260e-01 1.4744133e-05 1.6082934e-03 6.6202047e-04 2.4100280e-04
 8.4153697e-05 3.5677161e-02]",[9.96548712e-01 1.17453485e-04 2.96208588e-03 3.71780712e-04],[5.1788654e-04 9.9948215e-01],"[3.3978293e-07 7.2414943e-05 6.3683122e-02 8.7983656e-01 5.6044005e-02
 3.6203014e-04 1.3598844e-06 4.8751907e-08 2.2328754e-09]"
